ID,value_ave_GB,value_ConPV_mx,value_JHIM.mx,value_FTCT.mx,value_FZVmx,value_EccDur.mn,value_TTPP.mn,value_tm_CV_SMF1,value_mu.vel_CV_SMF1,value_logAdj_pl.up,value_logAdj_pl.fwd,value_logAdj_pl.side,value_HRmu_perc,value_pl.up_CV_SMR1,value_pl.fwd_CV_SMR1,value_pl.side_CV_SMR1
1,416.5,2.8,37.04,1.2,3244.4,0.308,0.404,2.56,26.83,0.835,0.257,0.25,73,26.09,10.31,9.59
1,403,,,,,,,,,,,,,,,
1,410.5,2.8,37.28,1.22,,0.314,0.41,3.03,27.11,0.633,0.171,0.303,70.4,25.27,10.49,11.19
1,398,,,,,,,,,,,,,,,
1,397.5,2.77,36.34,,,0.268,0.358,,,,,,,,,
1,383,,,,,,,,,,,,,,,
1,393.5,,,,,,,,,,,,,,,
1,394,2.64,33.03,,,0.25,0.33,3.43,27.78,0.684,0.36,,66.1,24.45,10.32,
1,413.5,,,,,,,,,,,,,,,
1,391,2.62,32.43,1.31,,0.264,0.344,4.07,26.1,0.674,0.048,0.239,63,21.53,8.48,7.61
1,,,,,,,,5.54,,0.84,0.059,0.362,,23.12,8.94,10.21
1,409,2.71,34.64,1.28,,0.268,0.348,3.49,26.67,0.692,0.092,0.06,63,23.06,9.11,9.9
1,406.5,,,,,,,,,,,,,,,
1,380.5,2.57,30.88,1.23,,0.286,0.376,3.82,26.64,0.649,,0.156,,22.9,8.48,7.68
1,401,,,,,,,,,,,,,,,
1,404.5,,,,,,,,,,,,,,,
1,396.5,,,,,,,,,,,,,,,
1,403.5,,,,,,,4.75,23.27,0.724,0.182,0.111,67.2,20.44,10.77,9.24
1,413.5,2.71,35.36,,,0.26,0.348,,,,,,,,,
1,404.5,,,,,,,,,,,,70.9,21.65,10.96,8.72
1,406,,,,,,,4.45,22.38,0.755,0.345,0.143,,,,
1,,2.68,34.19,,,0.26,0.342,,,,,,,,,
1,385,2.83,38.19,0.92,2362.8,0.4,0.556,4.12,23.98,0.782,0.206,0.095,,,,
1,407,,,,,,,,,,,,,,,
1,389,2.81,37.02,0.84,2263.6,0.428,0.6,2.8,27.06,0.863,0.265,0.129,69.3,19.71,11.05,8.39
1,408,,,,,,,,,,,,,,,
1,403.5,2.8,37.51,0.9,2294.3,0.404,0.574,5.28,22.8,0.837,0.103,0.109,,,,
1,404,,,,,,,,,,,,,,,
1,394.5,2.8,37.09,1.01,2665.8,0.356,0.502,3.42,27.29,0.78,0.196,0.347,67.7,17.64,9.74,8.06
1,411,,,,,,,,,,,,,,,
1,398.5,2.73,35.33,0.92,2387.2,0.382,0.514,,,,,,66.7,18.47,8.99,7.72
1,405.5,,,,,,,,,,,,66.1,16.36,8.11,7.45
1,,2.79,36.52,0.91,2252.9,0.388,0.52,1.62,28.58,0.97,0.131,0.054,,,,
1,397,2.84,38.47,0.84,2219.2,0.43,0.62,4.05,27.37,0.927,0.465,0.196,70.4,18.99,9.7,7.87
1,389.5,2.88,39.4,0.89,2267.9,0.418,0.548,,,,,,,,,
1,400.5,,,,,,,5.36,25.17,0.853,0.105,0.155,68.8,18.42,9.34,8.34
1,401.5,2.87,39.29,0.89,2415.3,0.42,0.566,,,,,,,,,
1,397.5,2.87,38.7,0.92,2468.3,0.39,0.536,3.63,26.85,0.956,,0.372,,,,
1,411.5,2.78,37.25,0.99,2418.5,0.364,0.506,3.32,26.82,0.8,0.119,0.103,68.8,17.22,8.96,7.51
1,395.5,2.91,39.7,0.94,2386.2,0.368,0.516,4.24,,0.753,0.287,0.077,67.7,15.7,8.96,7.73
1,,2.88,38.92,0.93,2487.5,0.41,0.564,1.92,27.8,0.792,0.544,0.074,,,,
2,485.5,,,,,,,,,,,,,,,
2,450,2.71,35.27,0.91,2093.7,0.4,0.548,4.89,25.17,0.986,0.397,0.43,77.3,21.31,8.37,9.83
2,349,,,,,,,,,,,,,,,
2,468.5,2.63,33.22,0.84,2077.5,0.414,0.59,4.28,24.95,1.024,0.337,0.509,78.9,23.26,9.4,10.59
2,,2.75,36.41,0.98,2252.2,0.366,0.52,4.58,23.55,1.038,0.369,0.628,74.7,22.92,9.15,10.28
2,454,,,,,,,,,,,,,,,
2,523,2.74,36.05,0.98,2278.7,0.376,0.498,,,,,,,,,
2,548.5,,,,,,,,,,,,,,,
2,,2.73,35.07,0.91,2054.2,0.406,0.536,4.88,23.55,0.991,0.447,0.447,76.3,21.26,7.99,10.64
2,383,,,,,,,,,,,,,,,
2,387.5,2.61,32.42,0.82,1966.8,0.412,0.592,5.58,23.32,1.008,0.447,0.602,70.6,19.74,7.71,9.49
2,478,,,,,,,,,,,,,,,
2,,,,,,,,7.02,18.75,1.04,0.171,0.374,,20.59,6.82,7.55
2,439.5,2.65,33.56,0.84,1951.7,0.422,0.58,4.22,23.91,0.996,0.332,0.412,74.7,20.18,7.51,7.78
2,480.5,,,,,,,,,,,,,,,
2,486.5,2.69,34.4,0.82,2018.4,0.448,0.606,4.86,23.51,0.884,0.448,0.517,74.7,18.71,8.02,7.73
2,381,,,,,,,,,,,,,,,
2,423,2.61,32.17,0.82,1925.8,0.434,0.588,5.28,19.94,0.948,0.563,0.663,72.7,22.8,7.52,10.62
2,454.5,,,,,,,,,,,,,,,
2,383,,,,,,,5.75,19.42,1.008,0.24,0.386,76.8,19.28,8.54,8.14
2,401.5,2.69,34.91,1.01,2244.5,0.364,0.48,,,,,,,,,
2,,,,,,,,6.28,20.31,1.022,0.133,0.427,74.7,19.52,8.52,7.97
2,382.5,2.71,35.17,1.04,2129.9,0.354,0.49,,,,,,,,,
2,440.5,,,,,,,6.78,19.31,1.082,0.394,0.64,77.8,20.01,7.95,9.67
2,,2.81,38,1.08,2227.5,0.35,0.474,,,,,,,,,
2,435,,,,,,,,,,,,,,,
2,412.5,2.77,36.5,0.84,2126.6,0.444,0.652,5.06,23.91,0.763,0.155,0.267,,,,
2,512.5,2.82,37.92,0.87,2157.6,0.43,0.63,4.54,24.94,0.841,0.353,0.376,75.8,16.5,,6.91
2,467,2.76,36.1,0.87,2014.3,0.418,0.604,6.95,21.85,0.79,0.309,0.246,,,,
2,424,,,,,,,,,,,,,,,
2,455,2.7,35.09,0.81,1930.3,0.43,0.62,4.53,26.17,0.738,0.276,0.453,,,,
2,477,,,,,,,,,,,,,,,
2,482,2.67,33.58,0.78,1966,0.464,0.68,,,,,,75.8,17.66,,7.74
2,468.5,,,,,,,,,,,,76.3,20.1,6.83,8.88
2,396.5,2.72,35.4,0.86,1973.9,0.402,0.58,2.93,27.66,1.087,0.594,0.672,,,,
2,506.5,2.62,32.35,0.76,1926.9,0.456,0.658,6.5,25.9,0.911,0.151,0.452,,21.05,8.46,10.14
2,398,2.8,37.06,0.8,2083.1,0.464,0.664,,,,,,,,,
2,390,2.71,34.77,0.69,1928,0.5,0.728,5.97,23.97,0.955,0.401,0.596,,21.9,8.82,9.65
2,368.5,,,,,,,,,,,,,,,
2,371.5,2.72,35.02,0.74,1952.3,0.482,0.692,,,,,,,,,
2,497.5,2.72,34.83,0.77,1969,0.47,0.674,7.69,20.14,0.909,0.522,0.378,,,,
2,394.5,2.7,34.69,0.76,1857.7,0.478,0.69,4.79,25.15,0.921,0.468,0.657,,22.86,9.59,10.14
2,410,2.62,31.93,0.74,1915.6,0.462,0.678,5.09,20.15,0.772,0.34,0.275,75.8,16.62,8.98,6.48
2,,2.6,31.62,0.71,1888.4,0.482,0.706,2.39,27.31,0.857,0.49,0.503,,,,
3,484,,,,,,,,,,,,,,,
3,503.5,2.81,37.3,0.9,2435.9,0.422,0.564,3.77,26.73,,0.81,0.819,75.6,19.64,9.8,10.78
3,489,,,,,,,,,,,,,,,
3,467,2.81,37.81,0.94,2400.5,0.396,0.548,4.19,25.28,1.344,0.78,0.73,79.7,19.83,10.65,10.59
3,505,,,,,,,,,,,,,,,
3,451,2.8,37.04,0.98,2454.2,0.372,0.508,3.08,26.83,1.319,0.683,0.747,77.7,20.46,9.6,11.27
3,509,,,,,,,,,,,,,,,
3,468,2.75,35.3,0.94,2337.7,0.396,0.53,,,,,,,,,
3,497,,,,,,,,,,,,,,,
3,,2.73,34.51,0.97,2391.5,0.372,0.514,6.59,21.33,1.247,0.531,0.708,78.7,21.4,8.81,
3,451,,,,,,,,,,,,,,,
3,466.5,2.62,31.98,0.92,2410.8,0.382,0.52,4.44,24.37,1.256,0.409,0.582,74.1,19.25,8.51,9.46
3,445,,,,,,,,,,,,,,,
3,,,,,,,,5.13,22.27,1.382,0.428,1.046,,24.03,9.64,11.33
3,475,2.59,30.86,0.88,,0.398,0.544,5.14,24.17,1.49,0.457,0.595,77.7,21.26,8.67,9.83
3,463,,,,,,,,,,,,,,,
3,454,2.66,33.53,0.91,2386.6,0.38,0.528,3.98,24.71,1.334,0.552,0.765,74.1,18.97,10.03,9.23
3,490,,,,,,,,,,,,,,,
3,487.5,2.67,33.61,0.96,2388.8,0.374,0.502,6.74,19.15,1.256,0.418,0.507,71.6,19.14,9.14,9.66
3,486,,,,,,,4.84,22.9,1.29,0.547,0.626,73.6,20.49,9.35,8.72
3,,2.71,35.19,0.91,,0.398,0.532,,,,,,,,,
3,452,,,,,,,6.67,20.05,1.288,0.397,0.649,76.1,20.15,8.49,8.31
3,467.5,2.68,34.21,0.93,2392,0.39,0.538,,,,,,,,,
3,487,,,,,,,6.51,20.08,1.249,0.353,0.501,73.6,22.14,8.92,8.94
4,487,,,,,,,,,,,,,,,
4,466.5,2.75,36.32,0.89,2118.7,0.424,0.61,4.15,26.26,1.108,0.5,0.258,80.7,20.21,9.06,8.43
4,479,,,,,,,,,,,,,,,
4,482.5,,,,,,,,,,,,,,,
4,511.5,2.67,33.79,0.91,2275.4,0.394,0.564,3.53,27.5,1.186,0.439,0.333,79.7,17.88,8.2,7.5
4,513.5,,,,,,,,,,,,,,,
4,516.5,2.73,35.75,0.97,2186.2,0.368,0.538,4.01,27.26,1.269,0.591,0.445,77.7,19.23,8.4,8.88
4,541.5,,,,,,,,,,,,,,,
4,480,2.83,38.35,1.01,2242.7,0.368,0.538,,,,,,,,,
4,456.5,,,,,,,,,,,,,,,
4,528,2.76,36.29,0.98,2322.2,0.37,0.53,3.3,24.67,1.145,0.518,0.605,77.2,18.05,8.12,8.85
4,557.5,,,,,,,,,,,,,,,
4,487,2.69,34.39,0.94,2284.8,0.394,0.558,3.42,25.48,1.18,0.493,0.447,75.1,17.68,8.49,7.34
4,550.5,,,,,,,,,,,,,,,
4,,,,,,,,5.25,21.33,0.967,0.427,0.44,74.1,18.48,7.67,7.65
4,525,2.68,34.62,0.98,2380.7,0.364,0.51,4.62,25.23,1.137,0.363,0.418,77.2,19.91,8.91,8.5
4,604,,,,,,,,,,,,,,,
4,498,2.67,33.74,0.92,2220.6,0.386,0.56,3.99,25.27,0.921,0.425,0.399,74.6,16.8,8.08,7.33
4,452,,,,,,,,,,,,,,,
4,515.5,,,,,,,,,,,,,,,
4,574.5,2.66,33.62,0.89,2219.4,0.39,0.558,4.42,24.52,1.072,0.442,0.415,76.6,18.05,9.04,8.07
4,577.5,,,,,,,2.05,25.92,0.939,0.464,0.319,76.1,17.73,9.33,8.21
4,,2.68,34.63,1.03,2399.5,0.342,0.49,,,,,,,,,
4,631.5,,,,,,,4.42,24.19,1.016,0.431,0.416,76.6,17.36,7.62,6.67
4,,2.8,37.24,1.05,,0.352,0.49,,,,,,,,,
4,648,,,,,,,4.88,21.3,1.135,0.374,0.31,76.6,17.14,7.31,7.33
4,,2.81,37.63,1.02,2354.5,0.366,0.52,,,,,,,,,
4,499,,,,,,,,,,,,,,,
4,529,2.89,40.64,1.08,2358.6,0.358,0.518,6.61,20.85,0.936,0.275,0.338,,,,
4,543,,,,,,,,,,,,,,,
4,536,2.88,39.73,0.99,2149.6,0.41,0.598,3.56,27.76,1.083,0.503,0.659,74.1,14.46,8.38,7.09
4,555.5,,,,,,,,,,,,,,,
4,496,2.88,39.99,1.06,2252.3,0.36,0.522,7.09,21.34,0.913,0.335,0.357,,,,
4,489.5,,,,,,,,,,,,,,,
4,558,2.82,38.2,0.94,2126.8,0.416,0.604,4.52,25.93,0.82,0.158,0.14,76.1,14.43,8.37,7.45
4,591.5,,,,,,,,,,,,,,,
4,560,2.79,37.44,0.88,2119,0.418,0.612,,,,,,75.1,14.46,8.8,7.39
4,544,,,,,,,,,,,,76.1,18.06,8.35,7.06
4,530,2.79,37.73,0.92,2166.9,0.42,0.598,3.64,27.27,0.815,0.172,0.357,,,,
4,536,2.84,38.67,0.96,2191.9,0.398,0.584,5.45,28.51,0.844,0.391,0.395,,13.84,7.6,6.54
4,573,2.79,37.28,0.86,2020.9,0.448,0.642,,,,,,,,,
4,543,2.84,38.65,0.98,2218,0.37,0.554,4.6,26.05,0.784,0.354,0.413,75.6,12.66,6.67,5.86
4,592.5,2.85,38.62,0.99,2214.3,0.416,0.606,,,,,,,,,
4,559.5,2.76,36.01,0.87,2118.3,0.424,0.624,3.09,28.36,0.884,0.492,0.445,,,,
4,613.5,2.74,35.9,0.86,2071.7,0.436,0.636,1.97,28.11,1.059,0.613,0.543,,19.07,9.01,8.8
4,578.5,2.84,38.45,0.91,2149.3,0.44,0.636,4.94,20.79,0.684,0.21,0.147,77.7,13.05,6.69,6.62
4,,3.04,,1.02,2224,0.4,0.59,2.18,28.78,0.88,0.325,0.399,,,,
5,508.5,,,,,,,,,,,,,,,
5,500.5,2.87,38.33,1.09,2643.7,0.342,0.472,4,27.46,0.837,,0.307,74.7,24.22,7.54,9.8
5,502.5,,,,,,,,,,,,,,,
5,479.5,2.83,37.42,0.88,2305.4,0.418,0.584,3.85,27.8,0.999,0.173,0.317,76.3,24.43,7.6,10.35
5,485.5,,,,,,,,,,,,,,,
5,514,,,,,,,,,,,,,,,
5,503,2.83,38.18,0.83,2255.2,0.452,0.624,3.58,28.76,0.933,0.132,0.269,76.8,22.52,8.09,9.31
5,484,,,,,,,,,,,,,,,
5,516,,,,,,,,,,,,,,,
5,518,2.85,38.38,0.86,2329.7,0.462,0.602,,,,,,,,,
5,458,,,,,,,,,,,,,,,
5,448.5,2.91,39.84,0.96,2187.2,0.382,0.532,4.34,24.67,0.992,0.385,0.531,75.3,24.25,7.54,10.23
5,523.5,,,,,,,,,,,,,,,
5,505.5,2.84,38.54,0.81,2212.8,0.448,0.608,4.47,26.32,0.968,0.013,0.35,,25.36,7.19,9.81
5,518,,,,,,,,,,,,,,,
5,,,,,,,,4.53,23.34,1.155,0.151,0.339,72.1,25.64,,10.03
5,518.5,2.82,37.73,0.8,2266.7,0.452,0.63,4.02,26.97,0.972,0.166,0.319,74.2,25.32,7.73,9.58
5,539,,,,,,,,,,,,,,,
5,514,,,,,,,,,,,,,,,
5,542,2.77,35.74,1.02,2424.6,0.354,0.482,2.77,26.57,0.857,0.3,0.428,73.7,23.87,6.91,8.97
5,534,,,,,,,,,,,,,,,
5,524,2.78,36.02,0.94,2410.3,0.382,0.53,4.17,24.96,0.968,0.025,0.413,72.1,24.07,7.36,10.16
5,517.5,,,,,,,4.94,25.37,1.031,0.244,0.375,76.8,25.62,7.68,10.19
5,,2.84,37.72,0.98,2453.5,0.376,0.502,,,,,,,,,
5,473.5,,,,,,,4.52,24.68,0.903,0.092,0.272,77.4,26.13,8.2,10.85
5,533.5,2.85,38.94,0.98,2496.9,0.374,0.514,,,,,,,,,
5,561.5,,,,,,,,,,,,74.7,27.23,8.09,10.1
5,,,,,,,,,23.43,0.853,0.066,0.091,78.9,,8.62,
5,429.5,,,,,,,,,,,,,,,
5,,,,,,,,,,,,,76.8,,7.99,
5,,,,,,,,,,,,,77.9,,7.21,
5,,,,,,,,3.13,26.59,0.759,,,,,,
5,,,,,,,,5.81,26.23,0.741,,,77.9,,7.95,
5,,,,,,,,,,,,,75.8,,6.98,
5,,,,,,,,4.09,28.07,0.888,0.263,0.325,,,,
5,,2.8,36.86,0.9,2145.2,0.404,0.55,2.79,24.32,0.599,0.113,,74.7,,7,
5,,2.88,38.38,0.97,2479.6,0.374,0.52,4.14,26.97,0.709,0.111,,,,,
6,583,,,,,,,,,,,,,,,
6,,2.86,39.14,1.03,3221.5,0.372,0.502,3.42,27.59,0.828,0.26,0.396,70.8,23.62,9.89,12.3
6,612.5,3,43.05,1.1,2853.7,0.364,0.516,,,,,,,,,
6,610.5,,,,,,,,,,,,,,,
6,610.5,2.9,40.53,1.09,2951.2,0.354,0.49,2.46,27.26,0.754,0.355,0.282,84.1,24.18,10.35,12.63
6,610,,,,,,,,,,,,,,,
6,635,2.91,39.6,1.01,2996.8,0.38,0.524,2.9,27.53,0.966,0.397,0.382,77.4,23.59,8.57,10.13
6,635.5,,,,,,,,,,,,,,,
6,627.5,2.94,41.49,1.09,3036.7,0.364,0.498,,,,,,,,,
6,604,,,,,,,,,,,,,,,
6,636,2.87,38.88,1.1,2859.4,0.348,0.48,1.85,28.69,0.699,0.187,0.109,80.5,23.51,9,8.96
6,632,,,,,,,,,,,,,,,
6,606.5,2.89,39.44,0.97,2575.8,0.388,0.548,4.52,21.59,1.081,0.234,0.379,72.8,22.79,10.06,9.15
6,596,,,,,,,5.02,22.44,0.855,0.16,0.056,,21.04,8.93,7.74
6,605,2.89,39.07,0.91,2495.5,0.416,,,,,,,,,,
6,600,,,,,,,4.31,23.73,1.036,0.417,0.386,,22.38,9.15,10.25
6,632,2.93,40.88,1.2,3463.9,0.32,0.424,,,,,,,,,
6,620,,,,,,,,,,,,73.8,22.95,9.44,9.73
6,,2.97,41.5,1.09,2897.5,0.362,0.502,,,,,,,,,
6,581,2.9,40.08,1.27,3721.5,0.31,0.43,2.23,25.5,0.849,0.516,0.571,,,,
6,597,,,,,,,,,,,,,,,
6,663,2.93,40.95,1.22,3577.6,0.33,0.448,3.7,26.95,0.585,0.229,0.277,79.5,20.61,,9.09
6,,3.01,43.07,1.39,4031.3,0.298,0.398,3.72,21.42,0.683,0.541,,,,,
6,637.5,,,,,,,,,,,,,,,
6,585,2.87,38.7,1.24,3620.3,0.308,0.416,4.98,23.87,0.72,0.372,0.201,77.4,16.66,12.03,8.39
6,618,,,,,,,,,,,,,,,
6,631,2.88,39.69,1.22,3482.2,0.324,0.44,,,,,,80.5,21.22,,10.87
6,628,,,,,,,,,,,,77.4,17.68,9.06,7.14
6,621.5,2.86,38.75,1.26,3352.4,0.3,0.416,3.09,30,0.735,0.355,0.366,,,,
6,611,2.88,39.77,1.13,3418.3,0.344,0.458,5.91,27.53,0.721,0.336,0.314,80.5,20.25,13.51,8.41
6,597.5,2.81,38.2,1.3,3973.9,0.296,0.382,,,,,,,,,
6,592.5,2.77,36.43,1.2,3413.5,0.316,0.414,3.11,26.95,0.804,0.244,0.263,75.9,19.42,9.42,8.75
6,586.5,2.85,38.33,1.22,3422.3,0.324,0.434,,,,,,,,,
6,623.5,2.9,39.71,1.17,3263,0.334,0.458,2.09,28.68,0.804,0.35,0.238,,,,
6,603,2.85,38.03,1.24,3372.6,0.306,0.408,2.91,26.58,0.663,0.239,0.094,76.9,19.21,10.03,8.88
6,590,2.8,37.19,1.09,3190.9,0.332,0.444,3.34,23.79,0.798,0.321,0.014,80.5,,,
6,,2.83,38.16,1.25,3265.4,0.308,0.422,3.62,27.78,0.723,0.257,0.247,,,,
7,575,,,,,,,,,,,,,,,
7,576.5,,,,,,,,,,,,,,,
7,563.5,2.68,33.41,0.81,2208.7,0.432,0.614,3.97,27.73,1.277,,0.027,81.6,20.95,11.05,8.24
7,558.5,,,,,,,,,,,,,,,
7,535.5,,36.69,0.86,2265.5,0.392,0.592,4.52,25.84,1.186,0.23,0.076,82.1,21.21,8.88,10.44
7,562.5,,,,,,,,,,,,,,,
7,532,,,,,,,,,,,,,,,
7,523,2.63,32.74,0.85,1955.7,0.42,0.594,,,,,,,,,
7,524.5,,,,,,,,,,,,,,,
7,629.5,,,,,,,,,,,,,,,
7,525.5,2.55,30.3,0.82,2075.2,0.396,0.568,5.19,23.44,1.16,0.288,0.372,77.6,20.44,7.3,10.27
7,533.5,,,,,,,,,,,,,,,
7,589,,,,,,,,,,,,,,,
7,584,2.5,29.11,0.73,1778.8,0.418,0.6,4.63,25.6,1.14,,0.231,74,21.45,8.21,7.18
7,543.5,,,,,,,,,,,,,,,
7,,,,,,,,5.26,21.8,1.099,0.332,0.297,65.8,18.98,7.79,9.36
7,530.5,2.57,30.6,0.77,1946.7,0.416,0.596,4.77,25.26,1.187,,0.232,77,21.62,9.53,7.3
7,527,,,,,,,,,,,,,,,
7,581.5,,,,,,,,,,,,,,,
7,558,2.56,30.43,0.81,2107.6,0.378,0.548,,,,,,,18.76,10.51,8.12
7,538,,,,,,,,,,,,,,,
7,565,2.55,29.94,0.78,2069.4,0.418,0.604,,,,,,75,22.6,8.31,8.94
7,546,,,,,,,4.66,21.94,1.083,,,80.6,20.54,9.04,7.54
7,,2.55,30.42,0.82,2074.5,0.402,0.566,,,,,,,,,
7,544,,,,,,,4.75,23.81,0.98,0.048,0.124,75,21.43,7.84,8.39
7,,2.55,29.78,0.82,1969,0.394,0.544,,,,,,,,,
7,534,,,,,,,6.43,20.83,1.022,,0.14,77.6,21.41,8.46,8.26
7,550,2.68,33.32,0.89,2102.5,0.378,0.546,,,,,,,,,
7,546,,,,,,,,,,,,,,,
7,526,,,,,,,,,,,,,,,
7,525.5,,,,,,,,,,,,,,,
7,523,,,,,,,,,,,,,,,
7,497,,,,,,,,,,,,,,,
7,516,,,,,,,,,,,,,,,
7,483.5,,,,,,,,,,,,,,,
7,503,,,,,,,,,,,,,,,
7,481,,,,,,,,,,,,,,,
7,483.5,,,,,,,,,,,,,13.74,8.93,6.17
7,481.5,,,,,,,,,,,,77.6,,5.85,5.51
7,483.5,2.69,33.39,0.85,2015.4,0.418,0.618,3.18,26.24,0.863,0.082,,,,,
7,479,2.59,31.08,0.79,1927.9,0.428,0.622,5.09,26.45,0.743,0.206,,80.1,14.72,9.38,6.14
7,478.5,2.63,31.84,0.82,2020.1,0.408,0.614,,,,,,,,,
7,508,2.55,30.24,0.78,1921,0.422,0.622,4.5,25.64,0.736,,,75.5,12.93,7.24,6.16
7,497,2.48,28.41,0.83,2027.3,0.404,0.592,,,,,,,,,
7,505.5,2.55,29.94,0.87,1996.3,0.38,0.56,5.74,22.97,1.012,0.152,0.121,,,,
7,537.5,2.73,34.95,0.9,2069.6,0.392,0.574,3.53,25.62,0.618,0.183,,75,,7.32,5.96
7,510.5,2.51,28.7,0.82,1830.6,0.414,0.608,3.78,22.02,0.641,0.041,,71.9,,6.66,5.99
7,,2.59,31,0.88,1951.4,0.396,0.584,2.52,27.97,0.956,0.247,0.197,,,,
8,475.5,,,,,,,,,,,,,,,
8,448.5,2.7,34.26,0.8,1895.7,0.458,0.6,3.39,27.22,1.063,0.656,0.638,80,29.99,12.85,11.45
8,497.5,,,,,,,,,,,,,,,
8,461.5,,,,,,,,,,,,,,,
8,554,2.71,34.95,0.88,1996.5,0.432,0.548,3.9,26.82,0.995,0.536,0.652,77.5,30.12,13.69,12.01
8,503.5,,,,,,,,,,,,,,,
8,454.5,2.71,34.73,0.86,1740.2,0.408,0.562,,,,,,,,,
8,490.5,,,,,,,,,,,,,,,
8,541,,,,,,,,,,,,,,,
8,575.5,2.88,39.6,0.86,1655.7,0.454,0.612,,,,,,,,,
8,556,,,,,,,,,,,,,,,
8,522.5,2.7,34.61,0.72,1520.5,0.496,0.68,3.65,26.22,0.988,0.765,0.562,74.5,28.42,14.16,11.36
8,535.5,,,,,,,,,,,,,,,
8,543.5,2.75,36.08,0.8,1484.8,0.454,0.626,3.56,25.96,1.052,0.505,0.478,72,27.73,9.86,10.24
8,531,,,,,,,,,,,,,,,
8,,,,,,,,5.7,21.11,0.908,0.675,0.599,,,,
8,524.5,2.71,34.63,0.83,1549.7,0.444,0.582,4.14,26.47,1.062,0.393,0.309,77.5,28.22,8.28,9.73
8,530.5,,,,,,,,,,,,,,,
8,489.5,2.75,36.22,0.78,1671.4,0.448,0.604,5.11,23.48,1.083,0.251,0.393,73,30.51,10.32,10.7
8,489,,,,,,,,,,,,,,,
8,543,,,,,,,,,,,,,,,
8,532.5,2.73,35.25,0.8,1593.8,0.46,0.628,4.61,23.42,1.195,0.531,0.575,77,32.86,9.86,11.58
8,506,,,,,,,4.69,21.7,1.213,0.363,0.442,77,32.14,9.74,11.24
8,,2.76,36.67,0.73,1216.5,0.486,0.688,,,,,,,,,
8,549,,,,,,,3.53,23.79,0.997,0.513,0.46,81.5,26.23,9.32,10.3
8,,2.71,34.69,0.72,1321,0.47,0.676,,,,,,,,,
8,514,,,,,,,,,,,,80.5,29.19,10.82,11.65
8,,2.73,34.84,0.76,1308.5,0.466,0.65,,,,,,,,,
8,568.5,,,,,,,,,,,,,,,
8,582.5,2.95,41.8,,1573.6,0.386,0.54,3.95,24.57,0.763,0.61,0.179,,,,
8,566.5,,,,,,,,,,,,,,,
8,517.5,2.82,38.44,0.87,1501.6,0.428,0.596,3.78,26.51,0.924,0.555,0.352,70.5,22.47,11.13,8.79
8,535,,,,,,,,,,,,,,,
8,551,2.82,38.22,0.88,1653.3,0.416,0.59,5.88,22,1.071,0.923,0.523,,,,
8,529,,,,,,,,,,,,,,,
8,543.5,2.79,37.25,0.8,1537.3,0.438,0.616,5.41,25.62,0.781,0.476,0.541,,,,
8,519,2.84,38.43,0.85,1581,0.42,0.588,,,,,,,,,
8,501.5,,,,,,,,,,,,72,18.96,7.67,7.3
8,518,2.89,40.01,0.75,1367.9,0.496,0.696,5.44,26.46,0.765,,0.28,,,,
8,528.5,2.82,37.92,0.81,1596.3,0.478,0.66,4.35,28.79,0.809,0.486,0.565,,22.35,10.47,9.35
8,545.5,2.8,37.42,0.76,1685.9,0.502,0.682,,,,,,,,,
8,527,2.77,36.69,0.79,1544,0.446,0.652,5.46,24.64,0.813,0.361,0.371,68.5,20.81,7.44,7.82
8,539.5,2.81,37.44,0.89,1709.3,0.414,0.574,,,,,,,,,
8,508,2.84,38.41,0.89,1741,0.416,0.58,5,24.01,0.809,0.605,0.538,,,,
8,546,2.88,39.56,0.93,1678.7,0.4,0.56,4.43,24.96,0.965,0.481,0.331,71,23.73,8.4,8.05
8,549,2.8,37.58,0.83,1698.6,0.456,0.612,4.77,20.97,0.853,0.298,0.286,,20.62,8.7,8.2
8,,2.87,39.21,0.84,1644.4,0.432,0.612,2.24,28.31,0.66,0.575,0.439,,,,
9,518,,,,,,,,,,,,,,,
9,564,2.74,35.49,0.9,2612.7,0.398,0.542,3.84,27.89,0.624,0.331,0.557,71,21.87,8.74,11.11
9,546,,,,,,,,,,,,,,,
9,547,2.77,36.09,0.95,2691.4,0.39,0.526,3.82,27.58,0.735,0.267,0.529,69.4,23.39,10,
9,543.5,,,,,,,,,,,,,,,
9,565.5,2.79,37.37,0.89,2659.2,0.43,0.568,3.95,27.16,0.717,0.348,0.455,72,21.65,8.67,10.71
9,532,,,,,,,,,,,,,,,
9,559.5,2.86,39.28,0.96,2785.7,0.398,0.534,,,,,,,,,
9,549,,,,,,,,,,,,,,,
9,527.5,2.72,34.86,0.81,2478.5,0.46,0.636,3.56,27.76,0.658,0.223,0.33,74.2,20.3,9.99,10.36
9,537,,,,,,,,,,,,,,,
9,531.5,2.78,37.39,0.91,2745.8,0.42,0.562,3.88,27.35,0.667,0.327,0.256,72.6,21.75,9.4,8.74
9,546.5,,,,,,,,,,,,,,,
9,,,,,,,,4.95,22.29,0.902,0.543,0.687,,22.84,8.45,9.16
9,528,2.75,35.99,0.88,2502.7,0.426,0.58,3.2,27.47,0.661,0.301,0.277,71.5,20.13,10.77,8.86
9,527.5,,,,,,,,,,,,,,,
9,521,2.7,34.63,0.89,2628.6,0.42,0.568,4.13,25.93,0.657,0.18,0.395,71.5,21.75,10.01,9.02
9,535,,,,,,,,,,,,,,,
9,566.5,,,,,,,,,,,,,,,
9,558,2.76,36.21,0.89,2556.4,0.416,0.574,3.72,25.01,0.749,0.226,0.442,69.4,20.46,9.44,8.81
9,550.5,,,,,,,,,0.784,0.195,0.467,68.8,20.22,10.14,8.68
9,,2.78,36.99,0.89,2686.5,0.414,0.57,,,,,,,,,
9,550,,,,,,,5.56,24.18,0.885,0.428,0.425,71.5,22,10.1,8.29
9,,2.81,37.14,0.88,2515.9,0.426,0.582,,,,,,,,,
9,531,,,,,,,3.96,25.13,0.878,0.275,0.373,,,,
9,515.5,2.79,37.24,0.93,2548.5,0.42,0.562,,,,,,,,,
9,532,,,,,,,,,,,,,,,
9,542,2.91,40.83,0.92,2778.8,0.448,0.618,6.49,,0.503,0.096,,,,,
9,529.5,,,,,,,,,,,,,,,
9,556,2.81,38.19,0.88,2698.6,0.442,0.614,3.44,26.53,0.71,0.068,0.044,70.4,15.62,8.61,6.91
9,558,,,,,,,,,,,,,,,
9,554.5,,,,,,,,,,,,,,,
9,562.5,2.84,38.59,0.84,2591,0.488,0.654,5.49,24.76,0.588,0.102,,71,15.89,8.5,7.16
9,561,,,,,,,,,,,,,,,
9,559.5,2.82,38.06,0.87,2697,0.452,0.612,,,,,,72.6,15.31,7.66,6.89
9,573.5,,,,,,,,,,,,73.1,15.46,7.31,8.25
9,588,2.81,37.83,0.91,2719.4,0.424,0.572,3.11,27.67,0.879,0.103,0.357,,,,
9,595.5,2.83,38.27,0.85,2761.9,0.468,0.622,5.53,28.44,0.675,0.179,0.101,72,17.12,8.3,7.72
9,567.5,2.8,37.75,0.82,2692.1,0.474,0.642,,,,,,,,,
9,571,2.76,36.28,0.85,2724.5,0.448,0.614,4.71,24.43,0.525,0.134,0.306,69.4,14.72,6.92,7.25
9,567.5,2.84,38.71,0.87,2782.3,0.44,0.606,,,,,,,,,
9,583,2.8,37.49,0.83,2536.2,0.482,0.64,3.32,26.99,0.856,0.411,0.514,,,,
9,601,2.8,37.18,0.84,2560.5,0.46,0.624,2.61,27.73,0.572,0.138,0.13,68.8,14.71,7.74,7.6
9,574.5,2.77,36.55,0.77,2622.3,0.498,0.668,3.94,,0.706,0.118,0.214,67.7,13.66,6.7,6.74
9,,2.8,37.31,0.85,2551,0.45,0.628,2.25,27.41,0.759,0.276,0.484,,,,
10,439,,,,,,,,,,,,,,,
10,434,2.7,34.06,1.14,3240.7,0.334,0.438,3.57,27.88,1.186,0.58,0.456,77,26.45,12.41,11.55
10,394,,,,,,,,,,,,,,,
10,452,2.66,33.31,1.12,3049.4,0.334,0.44,3.27,28.42,1.188,0.605,0.331,79.5,26.18,12.65,10.62
10,427,,,,,,,,,,,,,,,
10,447,2.64,32.65,1.18,3247.2,0.32,0.416,3.21,27.72,1.273,0.684,0.6,78.5,25.54,12.98,11.7
10,461,,,,,,,,,,,,,,,
10,365,2.75,35.62,1.19,3407.7,0.322,0.416,,,,,,,,,
10,364,,,,,,,,,,,,,,,
10,488,,,,,,,,,,,,,,,
10,480,2.72,34.1,1.05,2880.2,0.336,0.444,,,,,,,,,
10,393,,,,,,,,,,,,,,,
10,476,2.69,33.38,1,2640.8,0.358,0.476,4.15,26.56,1.387,0.619,0.779,76,21.34,12.18,9.88
10,,,,,,,,,19.88,1.184,0.944,0.811,,23.08,13.32,11.07
10,461,2.65,32.42,1.06,2936.7,0.352,0.462,4.18,25.88,1.306,0.393,0.662,80,19.21,9.92,8.99
10,478.5,,,,,,,,,,,,,,,
10,398,2.54,,1.01,2853.6,0.332,0.45,2.53,28.38,1.336,0.706,0.671,76.5,22.41,13.15,10.46
10,422,,,,,,,,,,,,,,,
10,450,2.68,33.07,1.06,2877.4,0.332,0.446,4.05,24.11,1.256,0.456,0.739,74.5,21.61,13.2,10.36
10,367,,,,,,,3.7,22.19,1.302,0.49,0.676,74,21.77,12.17,10.29
10,439,2.73,34.66,1.16,3045.5,0.314,0.418,,,,,,,,,
10,442,,,,,,,3.82,25.4,1.305,0.489,0.717,74,23.1,11.43,10.22
10,,2.77,35.85,1.14,3186.9,0.314,0.414,,,,,,,,,
10,386.5,,,,,,,3.31,23.06,1.211,0.623,0.832,78.5,21.48,12.93,10.44
10,386,2.77,35.42,1.13,3163.8,0.33,0.438,,,,,,,,,
10,448.5,,,,,,,,,,,,,,,
10,441,,,,,,,,,,,,,,,
10,446,,,,,,,,,,,,,,,
10,459,,,,,,,,,,,,,,,
10,445,,,,,,,,,,,,,,,
10,465,,,,,,,,,,,,,,,
10,479.5,,,,,,,,,,,,,,,
10,439.5,,,,,,,4.28,25.91,1.206,0.696,0.695,,,,
10,465,,,,,,,,,,,,,,,
10,371,2.71,34.06,0.97,2759.2,0.38,0.522,,,,,,75,19.35,11.63,11.27
10,436.5,,,,,,,,,,,,,,,
10,455,,,,,,,,,,,,76,19.74,11.59,8.84
10,432.5,2.69,33.34,0.92,2632.9,,0.548,,,,,,,,,
10,438.5,,,,,,,2.19,28.09,1.371,0.561,0.561,78,24.91,14.7,11.39
10,424.5,,,,,,,,,,,,,,,
10,446.5,,,,,,,3.53,27.3,1.364,0.431,0.557,75,17.99,9.48,
10,418.5,,,,,,,,,,,,,,,
10,442,,,,,,,2.98,28.72,1.316,0.647,0.866,,,,
10,454,,,,,,,3.17,26.13,1.224,0.374,0.518,74.5,16.71,9.53,8.6
10,451,,,,,,,5.33,,,0.473,0.518,75,15.77,8.9,6.8
10,,2.81,36.62,0.91,2442.9,,,2.21,29.61,1.318,0.521,0.649,,,,
11,452.5,,,,,,,,,,,,,,,
11,470.5,2.85,37.91,0.75,2413.9,0.488,0.678,3.58,26.98,1.015,0.365,0.03,83.9,24.97,10.53,8.8
11,469.5,,,,,,,,,,,,,,,
11,471.5,2.74,35.27,0.89,2661.5,0.416,0.58,4.37,26.97,1.051,0.385,0.373,86.5,27.54,,10.92
11,503,,,,,,,,,,,,,,,
11,455.5,2.77,35.81,0.72,2344.2,0.506,0.708,4.72,25.88,1.02,0.372,0.244,83.9,24.8,,9.14
11,499,,,,,,,,,,,,,,,
11,,2.77,36.39,0.86,2576.7,0.436,0.608,,,,,,,,,
11,458.5,,,,,,,,,,,,,,,
11,455,,,,,,,,,,,,,,,
11,492,2.77,35.96,0.75,2470.2,0.504,0.68,4.75,25.7,1.199,0.457,0.14,81.8,25.67,,9.23
11,495,,,,,,,,,,,,,,,
11,478,2.73,35.45,0.8,2491.8,0.476,0.666,4.83,25.37,1.169,0.253,0.093,78.6,22.29,9.96,8.82
11,493,,,,,,,,,,,,,,,
11,,,,,,,,4.88,22.46,1.091,0.584,0.347,77.1,27.04,,8.97
11,485,2.74,35.39,0.8,2608.7,0.49,0.66,4.99,24.4,1.097,0.295,0.099,82.8,23.9,10.77,7.85
11,392,,,,,,,,,,,,,,,
11,,2.75,35.44,0.77,2534.6,0.508,0.686,5.66,23.33,1.036,0.268,0.133,77.6,22.32,9.82,8.57
11,497.5,,,,,,,,,,,,,,,
11,,2.66,33.23,0.68,2241.3,0.54,0.732,5.57,21.07,1.016,0.237,0.218,81.3,23.25,10.05,8.7
11,518.5,,,,,,,,,,,,,,,
11,460,,,,,,,6.07,19.15,1.152,0.416,0.226,83.3,24.58,9.4,8.73
11,,2.78,36.4,0.85,2715.5,0.46,0.618,,,,,,,,,
11,482.5,,,,,,,6.08,23.4,1.077,0.393,0.162,80.7,24.64,10.5,8.24
11,,2.83,37.8,0.89,2779.9,0.438,0.594,,,,,,,,,
11,507.5,,,,,,,4.03,23.29,0.994,0.249,,82.8,22.92,9.73,8.42
11,,2.94,41.57,0.98,2950.5,0.404,0.562,,,,,,,,,
11,398.5,,,,,,,,,,,,,,,
11,404,,,,,,,,,,,,,,,
11,489,,,,,,,,,,,,,,,
11,405.5,2.81,36.9,1.05,2881.6,0.364,0.49,2.42,25.71,1.122,0.508,0.279,79.2,18.63,10.18,7.27
11,443,,,,,,,,,,,,,,,
11,421.5,2.83,37.86,1.02,3005.3,0.38,0.508,8.55,18.99,0.938,0.722,,,,,
11,429.5,,,,,,,,,,,,,,,
11,463.5,,,,,,,,,,,,,,,
11,445,,,,,,,,,,,,,,,
11,465,2.75,35.37,1,2934,0.37,0.496,,,,,,80.2,17.97,12.82,8.74
11,423.5,,,,,,,,,,,,,,,
11,457,,,,,,,,,,,,85.4,14.63,8.93,
11,420.5,2.85,38.25,1.06,2796.9,0.354,0.496,4.79,26.62,1.008,0.425,0.314,,,,
11,415.5,2.83,37.82,1.03,2998.3,0.372,0.496,5.14,27.5,0.971,0.675,0.329,80.7,18.41,13.73,9.06
11,433,2.84,37.59,1,2849.9,0.382,0.524,,,,,,,,,
11,364,2.8,36.9,0.92,2728.5,0.402,0.554,5.02,25.43,0.786,0.161,0.232,81.8,16.12,8.84,6.32
11,406.5,,,,,,,,,,,,,,,
11,416.5,2.9,39.65,1.09,3192.3,0.366,0.504,,,,,,,,,
11,429.5,2.85,38.38,0.97,2953,0.394,0.532,7.24,21.05,1.043,0.349,0.287,,,,
11,421,2.86,38.54,0.98,2931.2,0.394,0.528,3.99,26.06,0.967,0.328,0.37,77.1,16.71,10.18,6.46
11,415,2.8,36.54,1.1,2994.2,0.326,0.442,2.7,25.02,0.774,0.133,0.243,79.2,18.38,9.79,7.18
11,,2.94,40.89,1.02,3087.9,0.382,0.506,2.42,28.37,0.9,0.402,0.451,,,,
12,473.5,2.78,36.89,1.01,2262.4,0.382,0.522,3.39,26.01,1.003,0.208,0.121,77.5,20.45,8.06,8.2
12,397.5,,,,,,,,,,,,,,,
12,449,2.81,37.49,0.87,2041.2,0.434,0.586,4.04,25.91,0.968,0.115,,76.5,20.19,8.25,8.31
12,433.5,,,,,,,,,,,,,,,
12,433,,,,,,,,,,,,,,,
12,412.5,,,,,,,,,,,,,,,
12,461.5,,,,,,,,,,,,,,,
12,425,2.78,37.1,0.96,2231.2,0.406,0.526,4.1,25.99,0.914,0.019,,79,20.34,8.9,8.18
12,385,,,,,,,,,,,,,,,
12,436,,,0.88,2105.8,0.42,0.544,3.77,25.74,0.937,0.143,0.034,77,19.86,8.52,6.94
12,,,,,,,,4.45,22.28,0.947,0.098,0.393,72,22.86,,
12,474,2.7,34.71,0.93,2292.7,0.406,0.528,3.88,25.96,1.022,0.427,0.169,75,20.63,8.45,9.97
12,426.5,,,,,,,,,,,,,,,
12,466,2.65,33.42,0.92,2051.6,0.412,0.534,3.27,25.83,1.104,0.249,0.156,73.5,21.14,8.95,8.03
12,442.5,,,,,,,,,,,,,,,
12,458.5,2.71,34.79,0.86,2014.8,0.442,0.59,4.41,23.63,0.979,0.147,0.019,75,20.2,9.28,7.48
12,446.5,,,,,,,,,,,,,,,
12,457.5,,,,,,,2.89,23.44,1.009,0.19,0.098,77.5,20.51,9.48,7.02
12,,2.81,37.91,0.99,2188.5,0.386,0.52,,,,,,,,,
12,453,,,,,,,,,,,,77,21.76,8.7,8.9
12,,2.77,36.54,0.97,2141.9,0.392,0.534,,,,,,,,,
12,453,,,,,,,4.27,22.87,1.061,0.249,0.264,74,20.1,8.24,8.52
12,,2.83,38.13,0.93,2181.5,0.428,0.574,,,,,,,,,
12,444,2.79,37.09,0.92,2071.5,0.41,0.546,4.89,22.58,1.117,,0.413,,,,
12,480,,,,,,,,,,,,,,,
12,444,2.8,37.28,0.94,2185.6,0.424,0.564,2.97,26.53,0.762,0.188,,72.5,17.27,9.85,5.92
12,428,,,,,,,,,,,,,,,
12,444,2.78,37.21,0.89,1998.3,0.44,0.596,,21,0.961,0.284,,,,,
12,425,,,,,,,,,,,,,,,
12,446.5,2.73,35.23,0.89,2111.7,0.428,0.56,5.02,25.82,,0.122,,71.5,16.05,9.61,6.39
12,432.5,,,,,,,,,,,,,,,
12,452,2.79,36.59,0.9,2046,0.426,0.56,,,,,,71.5,15.14,8.85,6.51
12,449,,,,,,,,,,,,77,15.35,8.01,5.9
12,455,2.75,35.85,0.87,2064.4,0.43,0.576,2.91,27.92,,0.105,,,,,
12,405,,,,,,,,,,,,,,,
12,480.5,,,,,,,,,,,,,,,
12,458.5,,,,,,,,,,,,,,,
12,442.5,2.74,36.21,0.92,2268,0.422,0.556,,,,,,,,,
12,478.5,2.76,36.34,0.9,2043.6,0.424,0.576,,,,,,76,16.41,11.25,6.77
12,442.5,2.72,35.24,0.93,2234.6,0.406,0.544,5.69,22.15,0.749,0.197,0.027,76,17.89,9.67,6.24
12,,2.83,38.03,0.87,2034.9,0.452,0.588,3.51,27.09,1.053,0.29,0.25,,,,
13,421.5,,,,,,,,,,,,,,,
13,452.5,2.82,37.89,0.69,1725.7,0.518,0.762,3.2,29.02,1.177,0.214,0.452,76.4,17.97,7.81,8.61
13,421,2.78,36.91,0.69,1672.5,0.514,0.74,3.26,28.12,0.832,0.101,0.196,78.4,19.02,8.33,8.83
13,405,,,,,,,,,,,,,,,
13,423,2.75,35.76,0.66,1640.2,0.522,0.76,2.2,28.02,1.039,0.419,0.492,74,19.79,9.4,9.48
13,446,,,,,,,,,,,,,,,
13,425,2.8,37.5,0.69,1699.7,0.536,0.776,,,,,,,,,
13,421.5,,,,,,,,,,,,,,,
13,407.5,2.67,33.62,0.61,1566.2,0.564,0.796,3.84,23.99,1.031,0.22,0.519,79.8,19.33,8.46,9.38
13,425,,,,,,,,,,,,,,,
13,445,2.68,33.67,0.66,1548.8,0.544,0.76,2.97,28.37,0.883,0.155,0.252,73.1,19.29,8.27,8.01
13,487,,,,,,,,,,,,,,,
13,,,,,,,,5.66,21.88,1.006,0.143,0.348,67.3,18.8,8.48,9.07
13,443,,,,,,,5,22.64,0.975,0.076,0.355,81.3,18.49,8,7.99
13,438.5,,,,,,,,,,,,,,,
13,443.5,,,,,,,,,,,,,,,
13,448,,,,,,,,,,,,,,,
13,409,,,,,,,,,,,,,,,
13,418,,,,,,,,,,,,,,,
13,,,,,,,,5.19,24.2,0.744,0.115,0.156,,,,
13,322.5,,,,,,,,,,,,,,,
13,,,,,,,,,,,,,75,16.79,10.76,8.95
13,341,,,,,,,5.86,23.91,0.645,0.566,0.547,,,,
13,,,,,,,,5.14,26.26,0.828,,0.615,75,20.39,,
13,373,,,,,,,,,,,,,,,
13,,,,,,,,,,,,,77.9,17.97,9.71,9.63
13,358.5,,,,,,,,,,,,78.4,15.21,7.66,7.17
13,,,,,,,,1.91,29.68,0.606,0.153,0.316,,,,
13,404,,,,,,,4.33,27.69,0.725,0.548,0.462,73.6,19.33,10.35,9.52
13,391.5,,,,,,,,,,,,,,,
13,392.5,,,,,,,3.69,26.66,0.717,0.368,0.293,76.9,15.36,8.89,7.68
13,397.5,,,,,,,,,,,,,,,
13,398,,,,,,,2.67,28.53,1.06,0.501,0.633,,,,
13,379.5,,,,,,,4.46,25.18,0.703,0.393,0.209,73.6,15.72,9.14,8.11
13,395.5,,,,,,,4.47,21.41,0.717,0.405,0.194,73.1,15.54,8.84,8.15
13,,,,,,,,1.84,29.94,0.801,0.179,0.366,,,,
14,537.5,,,,,,,,,,,,,,,
14,524.5,2.97,41.85,0.87,2248.7,0.474,0.65,2.93,28.21,0.673,0.116,0.105,81.3,17.56,9.4,10.24
14,488,2.92,40.91,0.95,2265.5,0.418,0.59,2.68,28.09,0.7,0.309,0.25,83.9,17.98,9.78,10.74
14,513,,,,,,,,,,,,,,,
14,501.5,,,,,,,,,,,,,,,
14,478.5,3.05,44.83,0.91,2263.2,0.452,0.628,2.51,29.12,0.838,0.362,0.101,82.3,17.7,10.96,11.35
14,491,,,,,,,,,,,,,,,
14,534.5,,,,,,,,,,,,,,,
14,532,2.97,42.28,1.02,2400.7,0.418,0.57,,,,,,,,,
14,521.5,,,,,,,,,,,,,,,
14,525.5,2.96,42.15,1.01,2424.2,0.38,0.538,3.27,27.04,0.731,0.135,,80.7,18.43,8.55,9.56
14,532.5,,,,,,,,,,,,,,,
14,467,2.96,41.45,0.96,2229.8,0.402,0.566,3.05,26.88,0.765,0.28,0.06,80.2,17.32,9.38,8.25
14,,,,,,,,4.89,22.07,0.648,0.056,0.24,,20.57,7.92,10.83
14,522.5,2.79,37.11,0.94,2386.7,0.432,0.584,2.14,28.7,0.598,0.135,,81.8,18.15,8.43,8.57
14,511.5,,,,,,,,,,,,,,,
14,527,2.65,33.14,0.94,2415.6,0.442,0.594,2.91,26.38,0.781,0.26,0.194,80.7,17.55,9.17,8.86
14,567,,,,,,,,,,,,,,,
14,574.5,2.83,38.24,0.91,2414.8,0.446,0.602,3.04,25.11,0.684,0.081,0.283,79.2,17.56,10.44,8.61
14,546,,,,,,,3.34,22.55,0.808,,0.284,78.1,19.31,9.97,9.85
14,,2.88,39.71,0.95,2279.5,0.412,0.588,,,,,,,,,
14,503.5,,,,,,,2.76,25.47,0.59,0.18,,80.7,21.03,13.06,9.88
14,,2.88,39.76,1,2293.9,0.384,0.548,,,,,,,,,
14,521.5,,,,,,,4.16,22.92,0.597,0.006,0.093,79.7,19.13,11.07,9.47
14,,2.92,41.09,0.99,2408.5,0.398,0.56,,,,,,,,,
14,559,3.29,52.95,,,0.37,0.54,,21.6,0.708,0.461,0.443,,,,
14,525,,,,,,,,,,,,,,,
14,552,3.26,51.27,1.11,,0.382,0.552,3.43,27.67,0.408,0.475,0.267,81.3,14.16,12.24,7.74
14,548.5,,,,,,,,,,,,,,,
14,537.5,3.14,48.23,1.04,2534.3,0.402,0.582,,20.27,0.528,0.468,0.211,,,,
14,505,,,,,,,,,,,,,,,
14,509.5,3.15,48.61,0.96,2543.7,0.434,0.614,,,,,,79.2,15.89,,8.85
14,528.5,,,,,,,,,,,,,,,
14,522,3.14,47.08,0.97,2457,0.406,0.608,,,,,,81.8,15.16,10.75,7.65
14,537.5,,,,,,,,,,,,80.2,13.47,10.27,7.95
14,512.5,3.2,49.97,1.07,2445.4,0.394,0.57,2.89,29.01,0.554,0.351,0.269,,,,
14,499,3.27,51.81,1.09,2473.2,0.384,0.554,4.47,27.54,0.518,0.515,0.358,81.8,15.15,11.53,7.4
14,522.5,3.18,48.73,1.02,2535.1,0.416,0.59,,,,,,,,,
14,547.5,3.14,48.28,1.03,2579,0.394,0.578,2.77,26.66,0.567,0.43,0.243,80.2,14.46,9.16,7.05
14,544.5,3.17,48.77,0.95,2234.3,0.424,0.618,,,,,,,,,
14,543,3.09,46.3,0.93,2233,0.432,0.636,3.73,25.36,0.59,,0.25,,,,
14,,3.18,49.06,1,2414.4,0.414,0.61,2.29,27.68,0.547,0.231,0.122,78.1,14.23,9.89,7.62
14,526,3.06,45.12,0.9,2146.6,0.466,0.67,3.5,23.13,0.483,0.229,,79.7,14.86,9.92,7.3
14,,3.21,50.31,0.97,2433.4,0.424,0.63,1.95,27.8,0.659,0.194,0.173,,,,
15,,,,,,,,3.37,26.48,1.334,0.634,0.573,77.3,17.94,9.31,9.47
15,600.5,2.81,37.56,0.66,2837.4,0.512,0.81,3.72,25.83,1.249,0.677,0.6,80.9,18.81,8.81,10.4
15,556.5,,,,,,,,,,,,,,,
15,597.5,2.8,36.98,0.62,2632.2,0.536,0.84,4.29,25.39,1.463,0.707,0.643,80.4,18.53,10.01,10.33
15,526.5,,,,,,,,,,,,,,,
15,514,2.84,38.31,0.64,2574.7,0.528,0.818,,,,,,,,,
15,477,,,,,,,,,,,,,,,
15,549.5,,,,,,,,,,,,,,,
15,539.5,,,,,,,,,,,,,,,
15,,,,,,,,5.55,21.5,1.194,0.567,0.299,,,,
15,619.5,,,,,,,,,,,,,,,
15,543.5,,,,,,,,,,,,,,,
15,587,2.81,37.77,0.64,2559.6,0.542,0.854,3.35,25.21,1.555,0.691,0.837,80.9,17.38,7.63,7.53
15,604,,,,,,,,,,,,,,,
15,621,2.83,38.18,0.63,2536.3,0.556,0.848,6.65,18.88,1.272,0.546,0.745,83,18.02,7.37,9.66
15,601,,,,,,,3.47,23.42,1.26,0.519,0.447,78.4,17.49,7.82,8.67
15,,2.8,37.79,0.64,2564.5,0.524,0.832,,,,,,,,,
15,527.5,2.78,36.65,0.65,2522.5,0.526,0.834,,21.31,1.162,0.75,0.875,,,,
15,,2.75,35.86,0.57,2395.3,0.564,0.904,,,,,,,,,
15,,,,,,,,2.15,26.09,1.251,0.565,0.72,,,,
15,590,2.71,34.44,0.57,2391.7,0.596,0.924,3.04,24.51,1.386,0.717,0.527,81.4,,9.72,12.51
15,472,2.73,35.03,0.55,,0.586,0.926,2.78,23.2,0.973,,,80.4,16.3,7.6,6.66
15,,2.78,35.92,0.6,2368.4,0.57,0.904,2.56,28.32,1.179,0.583,0.756,,,,
16,504.5,,,,,,,,,,,,,,,
16,516,2.8,37.09,1.18,3126.5,0.3,0.4,2.72,27.64,1.163,0.537,0.505,77.2,22.42,9.03,8.91
16,516,,,,,,,,,,,,,,,
16,544.5,2.9,39.98,1.25,3382.4,0.306,0.398,3.26,27.3,1.137,0.24,0.218,79.2,24.97,10.26,10.2
16,515.5,,,,,,,,,,,,,,,
16,523.5,2.88,39.15,1.14,3423.2,0.33,0.418,2.98,27.96,1.241,0.499,0.39,77.7,22.82,8.81,9.42
16,538.5,,,,,,,,,,,,,,,
16,508.5,,,,,,,,,,,,,,,
16,519.5,,,,,,,,,,,,,,,
16,492,2.84,38.23,1.18,3285.2,0.304,0.398,2.24,28.01,1.109,0.358,0.558,78.7,20.51,8.38,10.16
16,498,,,,,,,,,,,,,,,
16,477,2.85,38.83,1.15,2968.8,0.306,0.41,3.02,27.84,1.265,0.519,0.635,78.2,20.62,10.85,9.25
16,496.5,,,,,,,,,,,,,,,
16,,,,,,,,5.38,22.03,1.23,0.46,0.358,72.8,19.48,9.47,8.33
16,509.5,2.83,38.16,1.26,3441.7,0.28,0.37,3.8,27.41,1.066,0.372,0.366,78.7,22.01,8,9.72
16,519.5,,,,,,,,,,,,,,,
16,523.5,2.74,35.85,1.13,2913.6,0.316,0.426,2.74,26.65,1.14,0.301,0.45,75.7,21.6,8.69,10.42
16,497.5,,,,,,,,,,,,,,,
16,504,,,,,,,,,,,,,,,
16,523,2.73,34.85,1.06,2713.8,0.322,0.438,3.15,25.68,1.234,0.658,0.58,74.3,21.85,9.62,8.86
16,502,,,,,,,2.98,25.17,1.187,0.313,0.53,77.7,23.38,8.81,11.7
16,490.5,,,,,,,3.44,26.05,1.098,0.437,0.506,77.7,20.84,8.02,8.49
16,507.5,2.82,37.18,1.05,2652.9,0.328,0.432,,,,,,,,,
16,525.5,2.95,41.15,0.95,2718.8,0.408,0.548,4.94,24.25,0.833,0.447,0.176,,,,
16,507.5,,,,,,,4.63,23.53,0.637,0.274,0.121,78.7,20.97,9.83,9.44
16,510,2.95,41.38,1.17,2888.3,0.322,0.434,5.87,,0.71,0.348,0.062,,,,
16,508,,,,,,,,,,,,,,,
16,500.5,2.93,40.76,0.98,2767,0.37,0.5,4.32,24.99,0.791,0.303,0.223,72.8,16.69,7.42,6.48
16,554,,,,,,,,,,,,,,,
16,513.5,,,,,,,,,,,,,17.59,7.48,8.18
16,513,,,,,,,,,,,,78.2,16.19,8.25,7.2
16,537.5,2.84,37.78,1.07,2823.9,0.344,0.474,2.03,29.65,0.564,0.525,0.24,,,,
16,533,,,,,,,,,,,,,,,
16,546,2.85,37.93,0.96,2585.1,0.366,0.506,,,,,,,,,
16,513.5,2.84,37.65,0.83,2406,0.392,0.55,2.75,26.97,0.69,0.366,0.196,75.2,18.31,9.05,7
16,539.5,2.92,40.58,1.04,2854.3,0.356,0.48,,,,,,,,,
16,527,,,1.07,2702,0.374,0.524,2.38,26.65,0.878,0.586,0.571,,,,
16,545.5,2.88,39.25,0.98,2700.7,0.366,0.492,4.49,23.65,0.843,0.569,0.25,73.3,20.35,10.4,7.01
16,538.5,2.84,37.79,0.96,2569.6,0.348,0.49,4.08,21.94,0.799,0.509,0.204,,17.84,7.33,6.69
16,,,,1.15,2873.8,0.34,0.47,1.8,28.16,0.848,0.333,0.186,,,,
17,451,,,,,,,,,,,,,,,
17,396,3.02,43.29,1.05,2903.7,0.406,0.534,1.97,27.67,0.568,0.557,0.551,83,23.02,10.45,13.67
17,391.5,3.08,45.53,1.07,2722.5,0.41,0.552,4.5,24.52,0.653,0.551,0.697,86,19.88,10.76,15.85
17,489.5,,,,,,,,,,,,,,,
17,380,,,,,,,,,,,,,,,
17,436.5,3.01,43.63,1.01,2699.2,0.422,0.566,2.57,27.93,0.615,0.391,0.475,83.5,22.61,11.93,13.62
17,334.5,,,,,,,,,,,,,,,
17,442,3.01,43.44,1.16,2928.7,0.372,0.488,,,,,,,,,
17,537,,,,,,,,,,,,,,,
17,527.5,2.98,42.47,1.1,2869.3,0.384,0.502,3.42,26.26,0.746,0.467,0.551,81,22.8,13.1,13.87
17,432,,,,,,,,,,,,,,,
17,456,2.97,42.2,1.15,2956.8,0.368,0.478,3.76,26.35,0.564,0.398,0.555,80,22.01,13.5,12.55
17,497,2.81,37.14,0.88,2507.7,0.43,0.592,3.49,25.97,0.438,0.367,0.471,79.5,20,10.81,12.54
17,435,,,,,,,,,,,,,,,
17,511.5,,,,,,,,,,,,,,,
17,509,2.86,39.09,1.32,3203.6,0.322,0.412,4.05,24.8,0.61,0.429,0.717,78.5,21.83,10.27,12.68
17,512.5,,,,,,,,,,,,,,,
17,534,2.9,40.09,1,2471.3,0.4,0.536,3.28,24.8,0.904,0.419,0.619,79.5,22.13,11.08,12.03
17,486.5,,,,,,,5.62,21.26,0.82,0.476,0.651,77.5,19.49,10.53,11.25
17,,2.93,41.22,1.07,2901.5,0.388,0.498,,,,,,,,,
17,535.5,,,,,,,5.81,21.32,0.903,0.537,0.679,78,24.15,,12.46
17,,2.88,39.23,0.91,2522.9,0.44,0.598,,,,,,,,,
17,521.5,,,,,,,,,,,,79,20.63,9.08,10.61
17,,3,43.24,1.13,2726.5,0.38,0.514,,,,,,,,,
17,483.5,,,,,,,,,,,,,,,
17,465,,,,,,,,,,,,,,,
17,432,,,,,,,,,,,,,,,
17,455,,,,,,,3.43,26.67,0.679,0.222,0.173,80,17.73,11.99,10.07
17,447,,,,,,,,,,,,,,,
17,435,3.08,45.57,1.12,2841.3,0.392,0.514,,,0.735,0.359,0.348,,,,
17,375,,,,,,,,,,,,,,,
17,480,2.95,41.69,0.97,2545.8,0.414,0.554,3.62,26.96,0.505,0.281,0.223,,,,
17,425,,,,,,,,,,,,,,,
17,,2.84,38.55,0.95,2647.2,0.414,0.566,,,,,,81,19.34,12.41,11.08
17,365,,,,,,,,,,,,,,,
17,475,2.97,41.93,1.11,2684.9,0.368,0.504,6.71,23.57,0.495,0.209,0.315,84.5,19.1,11.41,10.08
17,395,2.9,40.15,1,2603.9,0.398,0.536,,,,,,,,,
17,414,2.87,39.44,0.92,2554.5,0.418,0.544,3.99,24.79,0.525,0.239,0.282,79,16.75,9.63,9.39
17,470,3.04,44.65,1.12,2983.3,0.376,0.498,,,,,,,,,
17,465,2.82,37.58,0.83,2327.3,0.47,0.61,3.16,27.04,0.87,,0.583,,,,
17,330,2.8,37.35,0.81,2136.6,0.47,0.614,3.33,25.72,0.59,0.321,0.163,78.5,16.01,10.14,9.43
17,500.5,2.96,41.76,0.92,2455.2,0.43,0.598,5.13,20.57,0.664,0.357,0.369,82,16.88,9.74,9.8
17,,3.01,43.63,1.05,2475.7,0.4,0.532,2.08,27.49,0.605,0.471,0.323,,,,
18,513,,,,,,,,,,,,,,,
18,525.5,2.83,38.63,1.03,2725.5,0.394,0.536,3.03,27.76,0.925,0.171,0.309,,,,
18,555,,,,,,,,,,,,,,,
18,516,2.78,36.96,0.99,2720.4,0.396,0.528,4.92,24.34,0.898,0.352,0.306,,,,
18,525.5,,,,,,,,,,,,,,,
18,513.5,,,,,,,,,,,,,,,
18,542,,,,,,,,,,,,,,,
18,526,,,,,,,,,,,,,,,
18,534.5,2.75,36.48,0.93,2669.2,0.424,0.568,,,,,,,,,
18,508,,,,,,,,,,,,,,,
18,528.5,2.72,35.38,0.89,2645.8,0.426,0.568,,,,,,72.6,21.96,9.26,13.27
18,523,,,,,,,,,,,,,,,
18,,,,,,,,5.74,21.75,0.799,0.397,0.056,,,,
18,535,2.67,33.8,0.83,2653.7,0.43,0.558,3.71,26.86,0.89,0.136,0.3,82.7,21.22,10.31,11.66
18,488,,,,,,,,,,,,,,,
18,501.5,2.73,35.16,0.83,2519.6,0.464,0.612,4.41,24.8,0.939,0.036,0.358,74.6,22.24,9.93,10.38
18,514,,,,,,,,,,,,83.2,22.71,9.54,9.23
18,545,,,,,,,6.24,19.78,1.147,0.297,0.485,82.2,23.27,10.96,10.84
18,,2.67,34.43,0.84,2505.5,0.444,0.58,,,,,,,,,
18,496.5,,,,,,,,,,,,79.7,20.25,9.09,9.83
18,,2.65,32.71,0.75,2283.9,0.444,0.584,,,,,,,,,
18,546,,,,,,,6.22,20.91,1.052,0.102,0.323,76.1,20.71,10.39,10.38
18,,2.84,39,0.97,2700.8,0.408,0.544,,,,,,,,,
18,548,2.91,40.71,0.75,2427.6,0.546,0.77,6.26,21.16,0.901,0.407,0.494,,,,
18,573.5,,,,,,,,,,,,,,,
18,557,2.88,39.86,0.83,2472.6,0.486,0.692,4.06,26,0.877,0.151,,,,,
18,533,,,,,,,,,,,,,,,
18,570.5,2.95,41.84,0.83,2392.3,0.498,0.722,,,,,,,,,
18,552,,,,,,,,,,,,,,,
18,513,2.87,39.51,0.88,2513.8,0.456,0.622,6.49,23.73,0.854,0.133,0.055,78.2,15.31,10.71,8.12
18,541,,,,,,,,,,,,,,,
18,567,2.78,36.78,0.81,2453.2,0.478,0.676,,,,,,78.2,18.35,10.95,9.22
18,577.5,,,,,,,,,,,,77.7,16.98,8.76,9.55
18,572.5,2.88,39.87,0.86,2463.9,0.454,0.654,7.07,23.5,0.85,0.045,0.041,,,,
18,562,2.94,41.53,0.87,2574.2,0.458,0.642,6.38,26.42,1.094,0.443,0.474,74.1,19.92,10.13,13.07
18,571,2.84,38.67,0.8,2423.1,0.488,0.67,,,,,,,,,
18,607,2.86,39.76,0.78,2424,0.494,0.698,,,,,,75.6,22.8,9.5,12.11
18,585,2.86,39.61,0.79,2320.3,0.504,0.69,,,,,,,,,
18,585,2.87,39.87,0.87,2502,0.456,0.646,5.21,23.22,0.785,0.412,0.484,,,,
18,565,2.77,36.75,0.84,2467.2,0.464,0.66,4.34,25.25,0.703,0.076,,71.6,14.15,8.36,6.98
18,535,2.78,36.95,1.01,2670.3,0.38,0.532,7.34,18.86,0.855,0.301,0.184,,,,
18,,2.96,42.53,,,0.366,0.508,1.96,27.96,0.668,0.116,0.056,,,,
19,330.5,,,,,,,,,,,,,,,
19,313,2.78,36.97,0.87,2202.6,0.47,0.608,3.74,28.12,0.961,0.304,0.451,74.4,20.48,8.38,13.96
19,381,,,,,,,,,,,,,,,
19,361.5,,,,,,,,,,,,,,,
19,332,2.7,34.64,0.88,2023.5,0.436,0.578,3.64,27.18,0.943,0.268,0.505,72.3,19.36,8.49,12.99
19,407.5,,,,,,,,,,,,,,,
19,385,2.77,36.21,0.9,2147.2,0.448,0.588,4.35,23.98,0.939,0.266,0.489,74.4,19.93,8.48,12.09
19,408,,,,,,,,,,,,,,,
19,313.5,2.64,32.58,0.86,1865.7,0.42,0.57,,,,,,,,,
19,318.5,,,,,,,,,,,,,,,
19,321,,,,,,,,,,,,,,,
19,382,2.73,35.67,0.89,2209.2,0.436,0.57,4.48,25.69,0.948,0.476,0.489,70.3,17.75,8.62,11.97
19,332.5,,,,,,,,,,,,,,,
19,326.5,2.66,33.75,0.81,1912.8,0.436,0.586,3.12,26.48,0.87,0.331,0.302,,,,
19,337,,,,,,,,,,,,,,,
19,,,,,,,,6.07,20.32,0.869,0.252,0.589,,18.26,7.51,10.36
19,340.5,2.68,33.89,0.85,1987.7,0.442,0.586,4.52,25.26,0.791,0.281,0.533,71.3,20.51,8.48,10.43
19,288.5,,,,,,,,,,,,,,,
19,274.5,2.64,32.84,0.91,2126.6,0.41,0.554,2.95,28.32,0.945,0.415,0.399,68.7,18.26,6.97,10.61
19,307,,,,,,,,,,,,,,,
19,426.5,2.6,32.42,0.99,2241.8,0.374,0.494,,,,,,,,,
19,348,,,,,,,,,,,,,,,
19,321,,,,,,,5.96,20.76,0.781,0.269,0.428,71.8,19.35,6.94,9.59
19,,2.63,32.56,0.8,1798.5,0.474,0.628,,,,,,,,,
19,388,,,,,,,4.99,23.72,0.796,0.282,0.453,69.2,20.17,7.77,10.9
19,,2.69,34.73,0.92,1999.9,0.404,0.544,,,,,,,,,
19,362,,,,,,,4.99,21.49,0.871,0.438,0.57,74.4,19.08,8.04,10.57
19,,2.56,30.86,1.03,2131.5,0.348,0.464,,,,,,,,,
19,348,,,,,,,,,,,,,,,
19,411,2.78,37.3,0.81,1946.6,0.492,0.662,4.99,23.52,0.795,0.367,0.037,,,,
19,383.5,,,,,,,,,,,,,,,
19,375.5,2.64,33.52,0.72,1688.6,0.498,0.708,2.92,27.85,0.98,0.385,0.396,67.7,17.42,9.32,9.42
19,365,,,,,,,,,,,,,,,
19,328.5,2.73,33.95,0.76,1845.3,0.456,0.66,6.23,22.2,0.943,0.346,0.145,,,,
19,365,,,,,,,,,,,,,,,
19,376,2.6,32.23,0.65,1756.4,0.55,0.74,5.9,25.82,0.961,0.305,0.276,69.7,17.23,9.32,9.3
19,429.5,,,,,,,,,,,,,,,
19,444.5,2.61,32.08,0.67,1689.2,0.528,0.728,,,,,,69.7,19.84,,11.07
19,372.5,,,,,,,,,,,,72.3,15.74,7.17,8.36
19,391.5,2.67,33.88,0.76,1733.6,0.472,0.668,3.56,28.92,,0.29,0.44,,,,
19,340,2.58,31.42,0.69,1660.9,0.496,0.676,6.51,27.48,0.934,0.426,0.529,71.3,22.48,,12.29
19,360,,,0.86,1657.1,0.332,0.532,,,,,,,,,
19,424.5,2.65,32.9,0.83,1952.2,0.406,0.586,6.48,26.07,0.8,0.27,0.292,72.3,18.08,7.98,8.58
19,389,2.76,36.08,0.75,1647.3,0.486,0.674,,,,,,,,,
19,444,2.61,31.91,0.78,2053.3,0.49,0.658,5.62,24.08,0.955,0.501,0.433,,,,
19,404,2.65,32.6,0.95,2049.4,0.368,0.516,3.39,25.53,0.966,,0.138,68.7,15.08,7.82,8.02
19,396,2.65,33.49,0.77,1607.2,0.472,0.64,3,23.36,0.782,0.25,0.303,74.4,16.21,8.65,8.84
19,,2.78,37.2,0.78,1913.9,0.504,0.676,3,29.36,0.897,,0.285,,,,
20,,,,,,,,3.77,28.28,0.718,0.137,0.086,80.5,19.43,8.95,8.36
20,563,2.77,36.48,1.01,3176.5,0.418,0.506,3.82,27.22,0.653,,0.112,83.6,18.88,7.16,8.05
20,554,,,,,,,,,,,,,,,
20,592,2.82,37.98,1.17,2962.2,0.35,0.448,4.43,23.84,0.753,,,83.1,17.22,7.6,10.03
20,524.5,,,,,,,,,,,,,,,
20,556,,,,,,,,,,,,,,,
20,554,,,,,,,,,,,,,,,
20,566,2.81,37.75,1.14,3567.2,0.366,0.452,,,,,,,,,
20,525,,,,,,,,,,,,,,,
20,553.5,2.8,37.78,1.07,3032.8,0.386,0.48,3.4,27.85,0.859,0.227,0.113,79.5,18.19,7.01,6.78
20,550.5,,,,,,,,,,,,,,,
20,,,,,,,,6.01,22.23,0.723,,0.037,,,,
20,566.5,2.83,37.96,1.16,3131.7,0.348,0.452,3.29,29.25,0.659,0.166,,79,17.74,7.13,7.49
20,564,,,,,,,,,,,,,,,
20,574,,33.73,1.13,3125.6,0.348,0.436,3.72,28.55,0.681,0.112,,76.4,18.57,7.07,6.81
20,584,,,,,,,,,,,,,,,
20,558.5,2.76,36.44,1.05,2982.8,0.398,0.502,5.09,24.46,0.752,0.122,,79.5,18.71,8.49,7.62
20,596.5,,,,,,,4.73,25.12,0.762,,0.095,,18.99,7.43,8.39
20,,2.86,38.91,1.38,3434.5,0.292,0.374,,,,,,,,,
20,569.5,2.8,37.05,1.29,3426.9,0.32,0.406,,,,,,,,,
20,571,,,,,,,5.26,23.57,,0.18,0.116,80,18.58,,6.62
20,,2.88,39.8,1.49,,0.28,0.356,,,,,,,,,
21,,,,,,,,3.31,26.95,1.204,0.685,0.749,73.1,24.74,10.29,14.57
21,573.5,2.68,33.74,1.12,2783.5,0.302,0.41,1.98,26.54,1.312,0.708,0.528,72.5,23.68,12.33,13.45
21,564,2.73,35.55,1.05,2577.2,0.34,0.466,1.96,26.2,1.11,0.584,0.499,67.9,24.27,9.33,14.42
21,565.5,,,,,,,,,,,,,,,
21,,2.8,37.24,1.13,,0.328,0.432,,,,,,,,,
21,587.5,,,,,,,,,,,,,,,
21,566.5,2.74,35.87,0.98,2413.3,0.368,0.522,2.51,26.83,1.273,0.636,0.525,61.7,27.93,11.18,16.58
21,580.5,,,,,,,,,,,,,,,
21,597,,,,,,,,,,,,,,,
21,587.5,2.69,34.51,1.09,2609.8,0.332,0.458,2.52,27.69,1.246,0.694,0.813,,26,11.41,15.58
21,585.5,,,,,,,,,,,,,,,
21,,,,,,,,,19.92,1.324,0.709,0.924,,26.74,12.88,16.45
21,586,2.69,34.39,1.03,2618.7,0.336,0.47,2.72,28.06,1.064,0.697,0.361,63.7,24.42,10.67,12.63
21,621,,,,,,,,,,,,,,,
21,582,,33.35,1.04,2395.4,0.342,0.476,2.71,25.76,1.167,0.732,0.772,,25.73,11.23,14.02
21,597.5,,,,,,,,,,,,,,,
21,578,2.77,36.69,0.98,2312.8,0.362,0.516,2.94,25.33,1.119,0.584,0.73,,22.72,10.91,15.23
21,585.5,,,,,,,2.3,25.78,1.119,0.78,0.546,67.4,25.25,11.27,15.97
21,,2.73,35.8,1.07,2499.5,0.338,0.458,,,,,,,,,
21,552.5,,,,,,,2.76,25.18,0.988,0.756,0.574,76.7,24.05,10.71,12.92
21,556,,,,,,,3.8,23.31,1.16,0.964,0.693,69.4,23.37,9.17,13
21,,2.72,35.24,1.08,2564.5,0.324,0.444,,,,,,,,,
21,596.5,2.79,37.58,1.11,2545.6,0.334,0.472,5.46,20.9,1.007,0.831,0.675,,,,
21,559,,,,,,,,,,,,,,,
21,575,2.75,36.07,1.03,2594.6,0.358,0.5,3.5,26.3,1.054,0.668,0.366,63.2,18.78,10.33,9.45
21,587,,,,,,,,,,,,,,,
21,549,2.77,36.51,1.17,2806.3,0.32,0.434,,,0.941,0.846,0.443,,,,
21,556,,,,,,,,,,,,,,,
21,564.5,,,,,,,,,,,,,,,
21,572,,,,,,,,,,,,67.4,21.32,11.21,11.12
21,589.5,2.75,36.27,1.05,2482.9,0.358,0.492,1.6,29.57,0.905,0.521,0.222,,,,
21,578,2.78,37.03,1,2411.9,0.37,0.494,4.42,24.65,0.942,0.842,0.4,67.4,22.24,12.64,11.98
21,562.5,2.77,36.75,1.11,2575.1,0.342,0.47,,,,,,,,,
21,578.5,2.75,36.41,1.03,2398,0.358,0.508,2.94,27.24,0.946,0.396,0.327,68.9,21.29,9.94,11.69
21,562.5,2.7,35.03,1.08,2444.3,0.344,0.472,,,,,,,,,
21,593.5,2.81,37.92,0.95,2337,0.406,0.558,1.76,30.58,1.094,0.632,0.604,,,,
21,583,2.78,36.77,0.87,2134.6,,,1.75,28.48,0.812,0.459,0.422,65.3,21.57,11.28,10.94
21,585,2.7,34.68,0.95,2195.6,0.376,0.548,2.83,22.02,0.875,0.777,0.486,67.4,18.94,9.61,10.63
21,,2.75,36.31,0.97,2353.4,0.366,0.522,1.89,29.14,0.946,0.434,0.109,,,,
22,,,,,,,,2.9,27.2,0.765,0.136,0.237,78.1,23.94,9.89,11.41
22,452,2.52,29.55,0.8,2108.5,0.456,0.64,3.39,26.6,0.852,0.215,0.083,79.2,22.31,8.59,9.87
22,475,,,,,,,,,,,,,,,
22,470.5,2.48,28.8,0.8,2181.2,0.446,0.618,2.57,27.31,0.836,0.103,0.207,78.6,23.2,9.69,12.39
22,478.5,,,,,,,,,,,,,,,
22,472.5,2.53,29.92,0.84,2149.7,0.432,0.612,,,,,,,,,
22,490.5,2.51,29.44,0.84,2176.2,0.42,0.596,2.5,26.89,0.828,0.224,0.182,70.3,23.91,9.81,11.54
22,462,,,,,,,,,,,,,,,
22,460,2.49,28.88,0.74,2067.8,0.48,0.672,3.2,27.06,0.743,0.252,0.17,74.5,24.23,9.64,9.43
22,508,,,,,,,,,,,,,,,
22,,,,,,,,5.14,22.12,0.819,0.144,0.118,,22.17,10.2,10.09
22,474.5,2.48,28.77,0.8,2066.7,0.462,0.644,3.4,26.96,0.929,0.326,0.303,81.8,21.94,7.24,9.11
22,463.5,,,,,,,,,,,,,,,
22,467,2.46,28.43,0.72,2060.6,0.48,0.682,3.41,27.17,0.808,0.137,0.307,66.7,22.85,9.86,9.18
22,454.5,,,,,,,,,,,,,,,
22,486.5,,,,,,,,,,,,,,,
22,502.5,2.5,29.21,0.87,,0.408,0.584,4.06,24.12,0.738,0.183,0.375,74.5,22.35,10.29,9.68
22,474.5,,,,,,,3.43,25.66,0.703,0.201,0.348,71.9,23.96,8.43,10.63
22,,2.57,31,0.8,2090.5,0.45,0.65,,,,,,,,,
22,491,,,,,,,3.14,25.07,0.701,0.238,0.377,69.3,22.48,8.82,9.81
22,,2.55,30.44,0.81,2040.9,0.45,0.648,,,,,,,,,
22,504,,,,,,,4.61,22.73,0.827,0.23,0.398,74,22.9,8.55,8.71
22,,2.59,31.41,0.86,2117.5,0.43,0.62,,,,,,,,,
22,,2.5,29.05,0.79,2090.8,0.474,0.668,4.88,25.04,0.808,0.341,0.254,78.1,17.1,11.68,8.99
22,,2.54,30.07,0.77,2069.2,0.496,0.692,,,,,,80.7,17.62,11.32,8.75
22,,,,,,,,,,,,,77.1,,9.71,7.04
22,,2.54,29.97,0.81,2130.9,0.458,0.65,,,,,,,,,
22,,2.53,29.98,0.8,2072.3,0.48,0.682,,28.08,0.812,0.304,0.017,81.8,18.01,12.85,8.41
22,,2.52,29.53,0.8,1993.9,0.476,0.67,,,,,,,,,
22,,2.5,28.99,0.81,2080.5,0.474,0.654,,,,,,76,,9.95,6.97
22,,2.52,29.43,0.77,2058.3,0.488,0.69,,,,,,,,,
22,,2.42,26.92,0.77,2041,0.478,0.66,2.61,27.75,,0.456,0.526,,,,
22,476,2.55,29.91,0.75,2006.5,0.52,0.728,3.48,26.24,0.677,0.262,0.078,76,,10.64,6.42
22,483,2.56,30.59,0.73,1974.3,0.536,0.742,2.87,23.85,0.825,0.492,0.366,75.5,,,
22,,2.59,31.43,0.78,2094,0.488,0.694,2.29,28.8,0.857,0.366,0.3,,,,
23,612.5,,,,,,,,,,,,,,,
23,607.5,2.87,39,0.74,2574.7,0.502,0.702,2.45,26.42,0.48,0.072,0.44,82.2,17.41,6.26,9.27
23,617.5,,,,,,,,,,,,,,,
23,602.5,,,,,,,,,,,,,,,
23,638.5,2.9,40.11,0.8,2729.4,0.472,0.666,4.77,23.47,0.543,0.121,0.551,83.8,16.28,6.7,9.36
23,652.5,,,,,,,,,,,,,,,
23,650,2.95,41.47,0.81,3191.2,0.484,0.668,3.68,23.85,0.429,0.031,0.556,82.7,15.6,6.95,
23,608,,,,,,,,,,,,,,,
23,621,2.94,41.3,0.84,2976.7,0.44,0.616,,,,,,,,,
23,631.5,,,,,,,,,,,,,,,
23,602,2.9,39.97,0.78,2875.2,0.482,0.69,2.94,25.07,0.586,0.122,0.578,80.1,16.2,6.49,10.43
23,610.5,,,,,,,,,,,,,,,
23,611,,,,,,,,,,,,,,,
23,630,2.81,,0.74,2616.8,0.49,0.684,3.87,25.81,0.76,,0.234,80.1,17.81,6.86,8.99
23,599,,,,,,,,,,,,,,,
23,,,,,,,,5.69,21.5,0.713,0.25,0.674,,17.62,7.75,
23,614.5,2.91,40.45,0.77,2650.7,0.482,0.694,3.97,24.93,0.704,0.183,0.33,82.7,16.11,6.05,7.8
23,609.5,,,,,,,,,,,,,,,
23,600,2.84,38.53,0.76,2483.6,0.5,0.706,4.43,25.33,0.586,0.097,0.265,77,16.11,6.29,7.59
23,655.5,,,,,,,,,,,,,,,
23,635,2.9,40.17,0.82,2585.8,0.456,0.646,4.8,22.6,0.692,0.079,0.366,80.1,18.73,6.58,8.08
23,594.5,,,,,,,3.43,22.55,0.911,0.115,0.343,77.5,17.33,6.39,8.3
23,625,2.91,40.85,0.81,2563.5,0.474,0.696,,,,,,,,,
23,626,,,,,,,5.6,19.99,0.871,0.143,0.56,80.1,19.1,6.25,7.6
23,,2.93,40.97,0.8,2772.9,0.478,0.662,,,,,,,,,
23,651,,,,,,,,,,,,82.7,18.29,6.7,8.04
23,,2.91,40.52,0.83,2663.8,0.46,0.664,,,,,,,,,
23,665,2.99,42.41,0.86,3270.5,0.462,0.644,6.16,19.37,0.73,0.096,0.086,,,,
23,617.5,,,,,,,,,,,,,,,
23,618.5,,,,,,,,,,,,,,,
23,657.5,,,,,,,,,,,,,,,
23,641.5,,,,,,,,,,,,,,,
23,641,2.94,41.26,0.77,2851.7,0.494,0.698,,,,,,81.7,14.34,7.26,7.09
23,620.5,,,,,,,,,,,,,,,
23,615.5,2.92,40.34,0.83,2991.2,0.458,0.66,,,,,,78,14.93,7.6,7.29
23,604.5,,,,,,,,,,,,80.6,14.23,6.7,7.57
23,587.5,2.92,40.93,0.84,2924.9,0.462,0.656,,,,,,,,,
23,627.5,2.91,40.67,0.85,3043.3,0.448,0.648,,,,,,,,,
23,629,2.97,42.31,0.86,3045.1,0.442,0.626,,,,,,,,,
23,596.5,2.9,39.86,0.83,2950,0.464,0.648,4.53,24.96,0.722,0.006,0.233,78.5,13.07,6.55,6.69
23,569,,,,,,,,,,,,,,,
23,661,2.98,42.67,0.86,3146.3,0.466,0.632,,,,,,,,,
23,622.5,2.94,41.13,0.83,3126,0.472,0.666,2.14,24.86,0.883,0.169,0.334,,,,
23,624,2.93,40.9,0.83,2977.5,0.47,0.654,3.16,27.52,0.889,0.126,0.492,78,13.61,6.86,7.47
23,639,2.95,41.53,0.8,2926.3,0.472,0.666,5.93,17.26,0.891,,0.416,78,18.54,6.54,8.05
23,,,,,,,,2.91,22.71,0.76,0.098,0.269,,,,
24,,,,,,,,2.38,27.54,0.894,0.309,0.442,83.8,20.72,10.57,17.67
24,550,2.71,34.87,0.96,2928.5,0.398,0.52,,,,,,80.5,21.9,10,16.51
24,489.5,,,,,,,,,,,,,,,
24,511.5,2.73,35.77,0.91,2675.2,0.418,0.546,2.13,25.29,0.698,0.132,0.289,78.4,20.24,8.29,14.27
24,463,,,,,,,,,,,,,,,
24,442,2.71,35.57,0.95,2886.7,0.41,0.522,,,,,,,,,
24,489,,,,,,,,,,,,,,,
24,589,,,,,,,,,,,,,,,
24,527.5,2.82,38.45,0.95,2888.3,0.426,0.552,3.12,25.11,0.882,0.288,0.369,77.8,19.7,8.22,15.14
24,499,,,,,,,,,,,,,,,
24,488.5,2.76,36.71,0.9,2823.8,0.434,0.544,2.56,26.42,0.943,0.105,0.436,76.8,18.12,12.74,10.74
24,460.5,,,,,,,,,,,,,,,
24,,,,,,,,4.4,21.07,0.833,0.257,0.47,76.2,23.9,9.52,9.68
24,436.5,2.74,36.15,0.96,2985.7,0.4,0.518,3.72,25.78,0.874,0.274,0.411,74.1,18.88,8.73,13.53
24,461.5,,,,,,,,,,,,,,,
24,462,,,,,,,,,,,,,,,
24,474,2.67,33.91,1.05,3007.6,0.358,0.468,2.52,26.71,0.883,0.306,0.423,74.1,19.86,10.63,11.15
24,487.5,,,,,,,,,,,,,,,
24,442.5,2.76,36.29,0.94,2949.4,0.426,0.552,3.63,23.22,0.803,0.219,0.304,73,16.95,10.89,9.95
24,440,,,,,,,,,,,,,,,
24,444,,,,,,,2.4,23.84,0.802,0.267,0.359,75.1,18.86,9.05,12.79
24,,2.67,34.1,1.01,2971.5,0.362,0.476,,,,,,,,,
24,,2.72,35.16,0.85,2520.9,0.446,0.584,,,,,,,,,
24,477,,,,,,,,,,,,74.1,18.78,9.66,12.92
24,,2.75,36.35,0.97,2973.5,0.394,0.508,,,,,,,,,
24,477.5,2.89,40.36,1.12,3043.8,0.378,0.504,6.77,21.8,0.728,0.435,0.597,,,,
24,442,,,,,,,,,,,,,,,
24,506,2.88,39.5,1,3019.6,0.418,0.534,2.83,26.54,0.91,,0.467,76.8,17.56,8.73,7.93
24,493,,,,,,,,,,,,,,,
24,474,2.86,39.42,0.86,2827.3,0.488,0.624,6.1,20.97,0.823,0.313,0.139,,,,
24,459,,,,,,,,,,,,,,,
24,507,2.81,37.44,0.85,2827.7,0.466,0.602,5.56,24.82,0.769,0.288,0.274,71.9,19.02,10.42,9.33
24,561.5,,,,,,,,,,,,,,,
24,524,2.85,39.44,0.88,2925.2,0.456,0.586,,,,,,74.1,17.9,11.17,7.26
24,555,,,,,,,,,,,,79.5,15.59,8.22,7.24
24,,2.75,36.3,0.76,2700.9,0.544,0.67,4.52,26.71,0.959,0.24,0.263,,,,
24,516,2.75,36.73,0.78,2668.9,0.5,0.656,5.45,26.31,0.903,0.335,0.279,78.9,21.09,9.97,13.76
24,556.5,2.82,37.56,0.77,2744.9,0.512,0.662,,,,,,,,,
24,529,2.82,38.29,0.74,2652,0.576,0.73,4.63,25.1,0.948,0.4,0.444,76.8,21.34,10.98,13.21
24,562.5,2.83,37.76,0.76,2552.2,0.532,0.676,,,,,,,,,
24,615,,,,,,,,,,,,,,,
24,535.5,2.83,38,0.78,2786.6,0.516,0.664,3.16,25.62,0.835,0.255,0.176,76.8,16.01,7.87,7.44
24,550.5,2.79,37.3,0.9,2777.9,0.442,0.596,5.13,,0.888,,0.152,80,14.8,9.12,8.52
24,,2.82,37.72,0.77,2646,0.542,0.688,2.45,27.36,0.915,0.292,0.229,,,,
25,,2.54,29.27,0.7,2269.4,0.442,0.638,5.82,20.97,0.88,0.509,0.649,78.9,19.53,9.95,11.19
25,338.5,,,,,,,,,,,,,,,
25,245,2.51,28.23,0.64,2328.2,0.506,,6.05,20.98,0.867,0.528,0.78,78.9,20.03,9.67,12.23
25,369,,,,,,,,,,,,,,,
25,366.5,2.6,31.93,0.78,2425.7,0.436,0.616,,,,,,,,,
25,251,,,,,,,,,,,,,,,
25,273.5,2.45,27.65,0.7,2249.2,0.462,0.654,3.75,25,0.751,0.155,0.465,73.7,22.77,8.13,11.32
25,405.5,,,,,,,,,,,,,,,
25,308,2.52,29.11,0.74,2131.8,0.452,0.626,,,,,,,,,
25,335,,,,,,,,,,,,,,,
25,,,,,,,,7.8,16.91,0.846,0.087,0.506,,20.07,8.03,10.28
25,338,2.43,26.79,0.7,2101.7,0.452,0.63,3.35,21.33,0.851,0.366,0.613,78.4,20.13,8.93,9.77
25,333.5,,,,,,,,,,,,,,,
25,458.5,2.44,26.46,0.71,2224.4,0.442,0.626,4.74,20.57,0.878,0.342,0.363,,,,
25,449.5,,,,,,,,,,,,,,,
25,351.5,2.5,28.67,0.71,2378.4,0.464,0.648,,,,,,75.8,22.21,9.77,10.27
25,291.5,,,,,,,,,,,,,,,
25,305,,,,,,,5.87,18.9,0.978,0.575,0.504,,,,
25,,2.5,28.35,0.76,2465.5,0.43,0.6,,,,,,,,,
25,382.5,,,,,,,2.39,,0.904,0.162,0.42,,,,
25,,2.49,28.48,0.77,2354.9,0.436,0.602,,,,,,,,,
25,360.5,,,,,,,2.65,21.17,0.785,0.72,0.445,73.7,21.84,8.68,8.76
25,390.5,,,,,,,6.6,18.4,0.496,0.25,,,,,
25,389.5,,,,,,,,,,,,,,,
25,437.5,,,,,,,2.72,22.98,0.777,0.209,0.064,,,,
25,388.5,2.52,29.4,0.75,2352.3,0.458,0.648,8.35,19.78,0.541,0.117,0.035,,,,
25,376,,,,,,,,,,,,,,,
25,367.5,,,,,,,,,,,,,,,
25,317.5,,,,,,,,,,,,,,,
25,285.5,,,,,,,,,,,,,,,
25,387.5,,,,,,,5.43,21.54,0.643,0.339,0.157,,,,
25,386.5,,,,,,,,,,,,,,,
25,,,,,,,,4.92,21.64,0.637,0.248,0.109,,,,
25,377.5,,,,,,,,,,,,,,,
25,324,,,,,,,2.83,21.83,0.752,0.365,0.391,,,,
25,359.5,,,,,,,2.35,20.29,0.763,0.199,0.369,,,,
25,347,,,,,,,4.21,20.24,0.842,0.345,0.487,,,,
25,,,,,,,,3.18,24.08,0.515,0.055,0.261,,,,
26,353,2.89,40.14,0.69,1971.5,,0.796,5.2,23.17,0.649,0.347,0.411,87,17.15,6.65,7.61
26,391.5,,,,,,,,,,,,,,,
26,361.5,2.9,39.97,0.82,2097.2,0.496,,4.84,23.71,0.827,0.292,0.416,66.5,18.32,6.62,7.92
26,363,,,,,,,,,,,,,,,
26,375.5,,,,,,,,,,,,,,,
26,422.5,,,,,,,,,,,,,,,
26,435.5,3.02,44.05,0.77,2198.6,0.518,0.74,,,,,,,,,
26,387.5,3.11,46.32,0.75,2221.3,0.564,0.81,,,,,,,,,
26,448.5,3.01,43.61,0.74,2181,0.566,0.796,5.56,22.14,0.798,0.436,0.642,82.7,18.65,7.27,9.71
26,475,,,,,,,,,,,,77.8,18.11,6.92,9.57
26,,2.88,39.81,0.78,2205.5,0.524,0.728,,,,,,,,,
26,436.5,,,,,,,,,,,,,,,
26,437,3,43.04,0.79,2055.6,0.532,0.78,5.02,24.21,0.587,0.251,0.144,,,,
26,398,,,,,,,,,,,,,,,
26,443,2.94,41.27,0.79,2079.6,0.54,0.79,4.19,27.09,0.678,0.589,0.276,78.4,13.6,7.54,6.71
26,441,2.94,41.37,0.79,2081.3,0.528,0.776,7.58,21.27,0.549,0.441,0.084,,,,
26,424.5,,,,,,,,,,,,,,,
26,397.5,2.9,40.6,0.78,2063.7,0.53,0.762,4.5,26.83,0.419,0.324,0.196,73,13.23,,7.92
26,404,,,,,,,,,,,,,,,
26,417.5,,,,,,,,,,,,,,,
26,445.5,2.92,40.96,0.74,2038.2,0.542,0.786,,,,,,76.8,14.49,,7.71
26,431.5,,,,,,,,,,,,82.7,13.82,6.73,6.81
26,409.5,2.87,38.79,0.79,2092.9,0.528,0.762,1.79,27.59,0.806,0.519,0.539,,,,
26,430.5,2.87,39.45,0.76,2067.9,0.526,0.776,6.15,26.73,0.663,0.642,0.363,77.8,13.32,7.6,7.37
26,453.5,2.95,41.76,0.78,2093.1,0.544,0.778,,,,,,,,,
26,432.5,,,,,,,,,,,,,,,
26,420.5,3.01,43.38,0.8,2148.3,0.522,0.766,,,,,,,,,
26,439.5,2.96,42.43,0.84,2250,0.502,0.736,4.92,24.89,0.745,0.651,0.367,,,,
26,493.5,2.8,36.87,0.76,2119.4,0.534,0.764,3.78,26.54,0.445,0.287,0.137,78.4,12.59,6.48,6.11
26,438,2.88,38.8,0.78,2118.2,0.54,0.778,,,,,,,12.11,6.92,6.4
26,,2.92,40.65,0.8,2016.9,0.524,0.762,3.23,28.55,0.698,0.464,0.313,,,,
27,,2.96,41.8,0.82,2432.4,0.484,0.672,5.08,22.89,1.07,0.408,0.384,72.1,20.44,9.01,9.24
27,474,,,,,,,,,,,,,,,
27,481.5,,,,,,,,,,,,,,,
27,462.5,2.93,40.67,0.74,2324.2,0.546,0.756,4.34,24.06,1.229,0.533,0.542,68.7,21.02,9.42,10.61
27,448.5,,,,,,,,,,,,,,,
27,510,,,,,,,,,,,,,,,
27,498.5,2.9,39.48,0.75,2345.7,0.508,0.704,,,,,,,,,
27,390.5,,,,,,,,,,,,,,,
27,535.5,2.88,39.06,0.79,2544.2,0.464,0.67,4.05,23.73,1.154,0.525,0.397,71.6,22.35,9.94,9.49
27,561.5,,,,,,,,,,,,,,,
27,438.5,2.82,37.37,0.75,2255.8,0.504,0.726,3.99,25.11,1.196,0.437,0.266,71.6,18.79,8.87,7.37
27,575,,,,,,,,,,,,,,,
27,,,,,,,,4.48,22.61,1.158,0.534,0.403,,23.5,9.88,8.98
27,495,2.83,37.87,,2167.7,,,3.98,24.84,,0.662,0.355,69.2,18.91,8.59,8.16
27,531.5,,,,,,,,,,,,,,,
27,521.5,2.87,38.65,0.72,2262.4,0.53,0.752,2.67,27.73,1.031,0.495,0.388,67.2,19.1,9.62,8.37
27,570,,,,,,,,,,,,,,,
27,567.5,2.9,39.97,0.8,2436.8,0.492,0.692,,,,,,73.1,21.84,10.69,11.62
27,550,,,,,,,4.8,20.97,1.109,0.468,0.483,66.7,19.13,8.32,8.29
27,,2.91,40.58,0.79,2504.5,0.492,0.668,,,,,,,,,
27,450,,,,,,,4.43,24.01,1.067,0.436,0.221,75.1,18.48,8.83,8.45
27,,2.9,39.18,0.82,2551,0.476,0.674,,,,,,,,,
27,390,,,,,,,,,,,,70.6,18.29,8.15,9.44
27,505.5,2.87,38.99,0.83,2654.5,0.466,0.648,,,,,,,,,
27,365,,,,,,,,,,,,,,,
27,495,2.93,40.75,0.8,2514.6,0.512,0.722,4.91,22.98,1.07,0.487,0.285,,,,
27,499,,,,,,,,,,,,,,,
27,451.5,2.93,40.12,0.81,2614.6,0.468,0.684,3.36,27.31,1.053,0.502,0.141,66.7,14.45,10.62,6.38
27,504,,,,,,,,,,,,,,,
27,480.5,3.05,44.58,0.85,2585.3,0.492,0.704,6.82,20.94,1.053,0.453,0.138,,,,
27,507.5,,,,,,,,,,,,,,,
27,506.5,2.98,42.07,0.85,2538.8,0.466,0.664,4.11,24.54,0.96,0.385,0.145,67.7,13.48,9.76,6.31
27,537.5,,,,,,,,,,,,,,,
27,450.5,2.87,38.76,0.8,2491.2,0.484,0.696,,,,,,69.7,15.87,10.05,6.59
27,403.5,,,,,,,,,,,,75.1,14.92,8.3,6.21
27,511.5,2.84,37.96,0.74,2345.9,0.53,0.738,6.62,24.02,1.032,0.347,0.2,,,,
27,465.5,2.98,41.94,0.89,2610.9,0.432,0.624,4.54,27.06,1.079,0.628,0.192,70.1,17.12,10.03,7.38
27,442,2.96,41.6,0.89,2592.1,0.448,0.656,,,,,,,,,
27,516.5,2.91,39.96,0.88,2592.5,0.45,0.65,3.75,25.91,0.986,0.48,0.084,72.6,15.69,10.21,6.77
27,385,2.96,41.57,0.82,2517.3,0.484,0.694,,,,,,,,,
27,403,3.04,44.07,0.96,2704,0.42,0.608,6.34,21.99,1.075,0.641,0.574,,,,
27,,2.89,39.47,0.88,2530.5,0.444,0.634,2.34,27.31,0.968,0.434,0.329,69.2,19.13,9.59,9.71
27,440,,,,,,,4.11,21.82,0.872,0.397,0.028,69.7,13.68,8.86,6.61
27,,2.91,40.35,0.94,2674.9,0.426,0.608,2.64,29.35,0.978,0.649,0.6,,,,
28,,2.79,36.86,0.76,2306.5,0.486,0.678,4.7,23.86,0.744,0.292,0.22,,23,7.31,7.7
28,307,,,,,,,,,,,,,,,
28,451.5,,,,,,,,,,,,,,,
28,395,2.78,36.95,0.81,2427.2,0.442,0.646,2.56,26.21,,0.59,0.243,69.9,24.47,8.85,9.44
28,380.5,,,,,,,,,,,,,,,
28,326,2.77,36.69,0.78,2267.7,0.474,0.676,,,,,,,,,
28,331.5,,,,,,,,,,,,,,,
28,351.5,,,,,,,,,,,,,,,
28,381,,38.32,0.77,2216.2,0.46,0.672,4.7,24.89,0.833,0.351,0.37,73.6,24.3,7.83,9.62
28,350,,,,,,,,,,,,,,,
28,398,2.67,34.12,0.72,2323.8,0.464,0.666,4.57,23.08,0.743,0.147,0.247,71.5,21.37,8.09,8.13
28,418.5,,,,,,,,,,,,,,,
28,,,,,,,,6.84,18.77,0.849,0.123,0.312,,20.77,8.52,9.44
28,369.5,2.73,36.01,0.79,2268.7,0.44,0.656,4.1,24.16,0.756,0.097,0.345,74.1,20.3,7.33,6.77
28,417,,,,,,,,,,,,,,,
28,382.5,2.71,35.08,0.64,2061.4,,,5.64,21.89,0.801,0.079,0.271,71.5,19.71,7.93,6.81
28,418,,,,,,,,,,,,,,,
28,490,2.67,34.17,0.9,2234.3,0.39,0.556,5.5,21.64,0.859,0.315,0.308,71.5,18.83,7.53,7.06
28,410,,,,,,,4.68,21.41,,0.422,0.409,70.5,24.46,9.06,8.61
28,,2.74,36.34,0.91,2643.5,0.43,0.564,,,,,,,,,
28,458.5,,,,,,,4.95,21.89,0.835,0.107,0.268,73.6,23.47,8.19,7.09
28,,2.76,36.56,,2534.9,0.38,,,,,,,,,,
28,446,,,,,,,6.49,18.62,0.944,0.245,0.388,69.9,22.3,7.99,7.15
28,,2.74,35.91,0.88,2499.5,0.404,0.566,,,,,,,,,
28,418.5,,,,,,,,,,,,,,,
28,402,2.75,36.38,0.77,2203.6,0.47,0.696,6.34,21.28,0.758,0.248,0.419,,,,
28,419,,,,,,,,,,,,,,,
28,369,2.67,34.32,0.75,2140.6,0.482,0.698,4.21,24.19,0.85,0.453,0.49,71,20.32,9.71,10.01
28,410.5,2.77,36.58,0.86,2254.3,0.424,0.612,5.4,22.83,0.846,0.491,0.586,,,,
28,392.5,,,,,,,,,,,,,,,
28,433.5,2.72,35.41,0.76,2144.3,0.478,0.696,5.05,24.99,0.707,0.557,0.447,71,17.34,8.45,8.42
28,403.5,,,,,,,,,,,,,,,
28,364.5,2.66,33.33,0.76,2049.2,0.448,0.65,,,,,,,20.04,9.29,9.06
28,381.5,,,,,,,,,,,,70.5,17.99,7.01,8.17
28,439,2.66,33.52,0.79,2081.9,0.44,0.634,3.67,24.4,0.767,0.228,0.484,,,,
28,380.5,2.75,36.36,0.81,2161.3,0.452,0.648,6.15,25.89,0.858,0.513,0.494,69.4,21.31,9.05,9.46
28,373,2.67,34.34,0.77,2079.1,0.442,0.65,,,,,,,,,
28,357.5,2.61,32.62,0.72,1886,0.46,0.708,5.12,25.29,0.749,0.124,0.539,72,17.43,6.98,8.87
28,,2.67,34.29,0.77,2131.3,0.464,0.682,,,,,,,,,
28,378,2.67,34.17,0.81,2031.5,0.434,0.646,3.14,26.94,0.733,0.488,0.592,,,,
28,323.5,2.65,33.03,0.68,1932.7,0.538,0.776,4.73,24.26,0.739,0.14,0.424,65.8,17.13,7.77,7.72
28,446.5,2.65,33.82,0.79,2088.6,0.446,0.656,4.95,21.02,0.724,0.255,0.486,,17.81,7.71,7.64
28,,2.67,34.01,0.74,2024.4,0.49,0.718,3.21,26.55,0.738,0.182,0.423,,,,
29,,,,0.91,1815.5,0.45,0.586,4.59,24.93,0.747,,,82.2,19.34,6.33,8.69
29,394,,,,,,,,,,,,,,,
29,,3.14,48.02,0.75,,,0.788,4.85,24.32,0.784,0.054,0.085,76,20.7,7.19,8.98
29,306,,,,,,,,,,,,,,,
29,410,,,,,,,,,,,,,,,
29,399.5,3.01,43.96,0.96,1957.7,0.436,0.574,,,,,,,,,
29,406,,,,,,,,,,,,,,,
29,404,3.13,47.59,0.95,2043.2,0.452,0.614,1.95,26.16,0.854,0.242,0.446,79.8,21.93,6.88,9.12
29,468.5,,,,,,,,,,,,,,,
29,341.5,,,0.81,1841.8,0.506,0.68,4.28,23.74,,0.05,0.141,76,18.99,5.68,7.76
29,375.5,,,,,,,,,,,,,,,
29,451.5,3.02,44.07,0.84,1855.7,0.478,0.658,3.68,25.75,0.773,0.064,0.028,70.7,20.31,6.42,9.83
29,398,,,,,,,,,,,,,,,
29,438,,,,,,,,,,,,,,,
29,412.5,,,,,,,,,,,,,,,
29,461.5,,,,,,,,,,,,,,,
29,438,,,,,,,,,,,,,,,
29,494.5,,,,,,,,,,,,,,,
29,466.5,3.2,49.2,1.05,,0.41,0.536,,,,,,,,,
29,352,,,,,,,,,,,,,,,
29,400,3.15,47.93,0.89,1959.8,0.48,0.672,,,,,,,,,
29,478.5,,,,,,,,,,,,,,,
29,469.5,3.2,50,0.96,2118.6,0.458,0.652,2.81,26.98,0.786,0.107,0.291,76.4,13.95,10.16,6.29
29,466.5,,,,,,,,,,,,,,,
29,482.5,3.16,48.65,0.9,1982.3,0.484,0.68,5.96,21.12,0.873,,0.179,,,,
29,413.5,,,,,,,,,,,,,,,
29,380.5,3.17,48.69,0.95,2043.8,0.458,0.646,2.82,29.06,0.806,0.287,0.459,,,,
29,489,,,,,,,,,,,,,,,
29,478,,,,,,,,,,,,,,,
29,424.5,3.1,46.76,0.88,1965.2,0.496,0.694,,,,,,74.5,17.38,,8.89
29,497,,,,,,,,,,,,74.5,15.28,8.2,7.31
29,472.5,3.18,49.41,0.93,2010.9,0.482,0.666,2.34,29.8,0.742,0.093,0.011,,,,
29,475.5,3.14,47.57,0.87,1909.9,0.496,0.682,2.91,29.03,0.721,0.185,0.251,72.6,16.16,9.57,7.57
29,415,3.16,48.63,0.9,2056.1,0.488,0.684,,,,,,,,,
29,457.5,3.08,45.59,0.83,1998.5,0.502,0.71,3.5,29.4,0.691,0.142,0.327,75,14.53,8,7.66
29,479,3.16,47.97,0.85,1972.3,0.496,0.714,,,,,,,,,
29,489,3.16,48.45,0.86,1989.2,0.502,0.714,,,,,,75,16.79,6.41,7.19
29,,3.13,46.94,0.85,1945.8,0.512,0.722,1.83,26.02,0.769,0.083,0.39,,,,
30,,3,42.97,,2065.5,,,4.57,23.96,0.836,0.161,0.041,,19.48,7.91,7.53
30,434.5,,,,,,,,,,,,,,,
30,415.5,,,,,,,,,,,,,,,
30,424.5,,,,,,,,,,,,,,,
30,448,,,,,,,5.11,23.69,0.917,0.315,0.183,82.9,19.98,9.02,7.23
30,418.5,,,,,,,,,,,,,,,
30,427.5,,,,,,,,,,,,,,,
30,440.5,2.85,39.53,,2093.7,0.444,0.65,,,,,,,,,
30,457,,,,,,,,,,,,,,,
30,445.5,2.88,40.04,1,2321.2,0.378,0.53,,,,,,,,,
30,417.5,,,,,,,,,,,,,,,
30,438.5,2.89,40.36,0.9,2311.8,0.412,0.556,,,,,,76.8,20.81,8.14,
30,,,,,,,,4.88,22.28,,,0.066,,,,
30,471.5,,,,,,,,,,,,,,,
30,439,2.79,37.43,1.04,2516.7,0.356,0.482,4.13,26.35,0.826,0.32,0.036,76.2,19.65,7.59,7.41
30,382,,,,,,,,,,,,,,,
30,416,2.83,38.13,1.03,2495.4,0.366,0.496,3.27,26.58,0.891,0.121,0.134,74,19.8,6.38,6.07
30,396.5,,,,,,,,,,,,,,,
30,431.5,,,,,,,,,,,,,,,
30,413.5,2.88,40.22,1.06,2658.8,0.376,0.498,2.98,24.82,0.796,0.169,,77.9,21.06,7.06,7.28
30,377.5,,,,,,,2.06,25.56,0.803,0.13,0.179,75.1,20.03,5.9,6.09
30,378.5,2.82,38.44,1.07,2622.5,0.356,0.474,,,,,,,,,
30,457,,,,,,,3.81,23.88,0.844,0.23,0.14,77.9,21.67,6.59,5.86
30,,2.86,39.44,1.03,2866,0.356,0.466,,,,,,,,,
30,489.5,,,,,,,4.59,21.83,0.903,0.145,0.039,75.7,19.15,6.76,7
31,605.5,3.08,45.58,0.69,2179.5,,,4.36,24.83,0.813,0.309,0.295,81.4,22.86,10.62,7.08
31,589,,,,,,,,,,,,,,,
31,576,,,,,,,,,,,,,,,
31,587.5,3.08,45.42,0.72,2193.2,,0.804,3.07,25.4,0.964,0.309,0.133,78.4,20.92,10.79,7.7
31,542,,,,,,,,,,,,,,,
31,552,,,,,,,,,,,,,,,
31,484,2.96,41.7,0.78,2377.7,0.506,0.7,,,,,,,,,
31,527.5,,,,,,,,,,,,,,,
31,486.5,3,42.88,0.79,2328.2,0.504,0.708,,,,,,,,,
31,451,,,,,,,,,,,,,,,
31,570.5,,,,,,,,,,,,,,,
31,505,2.89,39.77,0.77,2270.8,0.506,0.7,3.39,26.98,0.954,0.078,0.284,77.5,21.74,9.85,8.17
31,436,,,,,,,,,,,,,,,
31,,,,,,,,4.63,21.54,1.036,0.299,0.384,73.5,24.96,10.44,8.77
31,517.5,,,,,,,,,,,,77,18.97,8.19,7.08
31,480.5,,,,,,,,,,,,,,,
31,487.5,2.94,41.13,0.77,2254.6,0.534,0.724,3.93,24.74,0.959,0.225,0.255,77.9,21.37,8.24,7.55
31,524,,,,,,,,,,,,,,,
31,495,,,,,,,,,,,,,,,
31,502,2.94,41.32,,2283.8,0.428,,2.9,24.9,0.842,0.325,0.268,75.5,19.41,8.24,6.5
31,503,,,,,,,5.63,20.61,,0.116,0.182,79.4,22.13,9.12,7.83
31,,2.92,40.47,0.85,2210.5,0.452,0.636,,,,,,,,,
31,361.5,,,,,,,4.42,22.94,0.982,0.198,0.258,80.4,19.3,8.23,6.99
31,465.5,3.01,43.12,0.82,2189.9,0.498,0.696,,,,,,,,,
31,496,,,,,,,5.17,21.98,1.016,0.236,0.329,78.9,21.98,8.89,6.95
31,,2.99,42.66,0.84,2435.8,0.49,0.68,,,,,,,,,
31,445.5,,,,,,,,,,,,,,,
31,514.5,2.92,40.82,0.76,2096.5,0.548,0.764,4.91,24.29,0.951,0.686,0.454,,,,
31,474,2.87,39.06,0.77,2183.6,0.506,0.716,3.22,28.29,0.948,0.406,0.388,74,16.3,9.65,6.83
31,440.5,,,,,,,,,,,,,,,
31,463,2.86,39.03,0.73,1897.3,0.522,0.766,5.42,23.22,,0.585,,,,,
31,476.5,,,,,,,,,,,,,,,
31,465,2.88,39.57,,1912.8,,,,,,,,72.1,17.66,10.79,8.98
31,477,,,,,,,,,,,,,,,
31,477,2.84,38.04,0.78,2123.2,0.49,0.696,,,,,,70.6,20.36,,
31,413.5,,,,,,,,,,,,78.9,13.51,8.12,6.22
31,512,2.86,39.1,0.71,1951.9,0.554,0.782,2.29,29.85,0.946,0.594,0.481,,,,
31,458.5,2.88,38.94,0.81,2134.3,0.488,0.708,4.63,29.15,0.994,0.52,0.365,76.5,17.38,10.46,6.31
31,431,2.9,39.61,0.77,2147.9,0.496,0.706,,,,,,,,,
31,,2.77,36.2,0.73,1957.5,0.504,0.734,6.82,22.62,,0.372,0.06,77.5,17.29,9.89,6.4
31,,2.91,39.69,0.79,2158.3,0.504,0.706,,,,,,,,,
31,440.5,2.92,40.5,0.77,1986,0.512,0.748,5.67,23.49,0.97,0.433,0.387,,,,
31,523.5,2.93,40.9,0.83,1972.6,0.482,0.684,2.95,27.28,0.928,0.42,0.366,,20.5,8.6,8.28
31,436.5,2.87,38.69,0.81,2052.2,0.498,0.706,6.04,19.87,,0.533,0.355,75.5,18.37,11.03,9.01
31,,2.98,42.25,0.77,1947.7,0.526,0.758,2.05,29.71,0.96,0.293,0.455,,,,
32,443.5,2.9,39.65,0.92,2946.5,0.412,0.562,4.1,24.43,0.768,0.345,0.043,81.7,17.36,8.07,7.09
32,434,,,,,,,,,,,,,,,
32,444.5,2.89,40.32,0.9,3052.2,0.418,0.568,3.99,24.08,0.804,0.281,0.204,82.8,17.63,7.71,7.88
32,438,,,,,,,,,,,,,,,
32,422,,,,,,,,,,,,,,,
32,406,,,,,,,,,,,,,,,
32,425,,,,,,,,,,,,,,,
32,454.5,2.79,37.49,0.87,2922.2,0.418,0.57,3.88,25.89,0.742,0.259,0.104,76.1,17.93,7.8,7.29
32,439,,,,,,,,,,,,,,,
32,451.5,2.83,38.29,0.85,2901.8,0.416,0.574,4.1,25.92,0.833,0.491,0.178,77.2,15.37,6.98,6.12
32,,,,,,,,4.49,23.81,0.762,0.228,0.36,71.1,17.36,8.55,8.6
32,440,2.83,38.2,0.89,2860.7,0.408,0.556,4.39,25.53,0.811,0.163,0.154,79.4,17.07,7.81,7.87
32,450,,,,,,,,,,,,,,,
32,417.5,,,,,,,,,,,,,,,
32,448,,36.13,0.93,3012.8,0.392,0.53,5.72,22.67,0.576,0.355,0.061,73.9,17.17,8.59,8.03
32,413,,,,,,,4.85,21.64,0.737,0.342,0.205,74.4,16.54,7.49,7.16
32,441.5,2.94,41.77,0.98,3137.5,0.398,0.538,,,,,,,,,
32,418.5,,,,,,,4.6,23.35,0.695,0.468,0.079,73.3,16.98,8.54,7.48
32,,2.87,39.25,0.92,2996.9,0.412,0.564,,,,,,,,,
32,424,,,,,,,,,,,,74.4,17.16,8.46,8.21
32,,2.91,40.85,0.94,3042.8,0.424,0.58,,,,,,,,,
32,427.5,3,43.03,1.01,3033.8,0.386,0.522,4.57,22.9,0.549,0.361,0.248,,,,
32,423,,,,,,,,,,,,,,,
32,425,2.89,39.75,0.87,2897.6,0.42,0.588,3.04,27.45,0.62,0.42,0.154,75.6,,7.38,5.84
32,420.5,,,,,,,,,,,,,,,
32,418.5,2.92,40.44,0.94,3064.3,0.408,0.562,3.36,23.18,0.699,0.588,0.283,,,,
32,457,,,,,,,,,,,,,,,
32,441.5,2.97,41.92,0.97,3011,0.396,0.562,5.95,24.64,0.66,0.563,0.181,77.8,,8.35,5.94
32,447,,,,,,,,,,,,,,,
32,445.5,2.84,38.62,0.92,2817,0.396,0.552,,,,,,,,7.23,5.39
32,439.5,,,,,,,,,,,,77.2,,7.15,5.65
32,434,2.92,40.36,0.93,2779.4,0.406,0.568,2.5,25.3,0.619,0.192,,,,,
32,,2.9,40.37,0.89,2816.9,0.43,0.6,6.57,26.46,0.711,0.266,0.077,81.7,,7.52,5.5
32,470,2.87,38.93,0.9,2769.1,0.408,0.58,,,,,,,,,
32,440.5,2.89,39.28,0.88,2895,0.428,0.596,4.99,24.55,0.931,0.332,0.228,78.9,15.67,6.65,6.75
32,448,2.94,40.68,0.92,2860.3,0.414,0.568,,,,,,,,,
32,444,2.93,40.8,0.86,2797,0.43,0.612,7.49,21.97,0.775,0.396,0.289,,,,
32,,2.88,39.03,0.87,2686.4,0.42,0.594,2.46,26.68,0.668,0.262,0.04,76.1,,7.39,5.61
32,424,2.9,39.58,0.83,2812.3,,,,,,,,75.6,,6.88,4.74
32,,2.9,39.78,0.89,2786.4,0.424,0.596,5.24,22.23,0.633,0.346,0.081,,,,
33,517.5,2.85,38.1,0.89,2094.4,0.406,0.568,3.24,25.04,0.856,0.147,0.162,81.8,19.99,10.4,9.35
33,449.5,,,,,,,,,,,,,,,
33,458.5,2.74,35.65,0.89,1951.2,0.426,0.586,2.29,24.08,0.971,0.273,0.332,,22.93,11.06,11.57
33,361,,,,,,,,,,,,,,,
33,421.5,,,,,,,,,,,,,,,
33,390.5,,,,,,,,,,,,,,,
33,415,,,,,,,,,,,,,,,
33,443,,,,,,,,,,,,,,,
33,451,,,,,,,,,,,,,,,
33,446.5,,,,,,,3.74,23.24,0.813,0.331,0.329,85.9,21.56,10.44,9.14
33,383,,,,,,,,,,,,,,,
33,441.5,,,,,,,3.71,25.11,0.853,0.181,0.218,80.2,23.05,9.28,8.1
33,455,,,,,,,,,,,,,,,
33,391.5,2.69,33.73,0.95,1974.8,0.38,0.528,2.78,24.87,0.702,0.238,0.264,81.8,21.71,11.67,8.32
33,436.5,,,,,,,2.43,24.6,0.89,0.098,0.233,81.8,21.37,11.68,8.48
33,,2.73,35.6,0.94,2061.5,0.392,0.532,,,,,,,,,
33,460,,,,,,,4.18,21.93,0.823,0.327,0.331,77.6,19.98,10.89,7.88
33,,2.72,35.34,0.84,1927.9,0.44,0.592,,,,,,,,,
33,438,,,,,,,3.63,23.22,0.782,0.32,0.32,,,,
33,,2.76,36.57,0.92,1928.5,0.388,0.522,,,,,,,,,
33,395,,,,,,,,,,,,,,,
33,429,,,,,,,,,,,,,,,
33,372.5,,,,,,,,,,,,82.3,24.31,12.3,9.31
33,,2.92,40.66,0.82,2054.8,0.476,0.678,,,,,,,,,
33,365,,,,,,,,,,,,,,,
33,425.5,,,,,,,,,,,,,,,
33,,2.94,40.63,0.84,1813.2,0.464,0.644,,,,,,,,,
33,474.5,,,,,,,,,,,,,,,
33,494.5,2.88,39.58,0.83,2069.8,0.472,0.664,3.59,26.19,0.916,0.517,0.411,,,,
33,485,,,,,,,,,,,,,,,
33,446.5,,,,,,,,,,,,79.7,29.1,,
33,373,,,,,,,,,,,,,,,
33,467,,,,,,,,,,,,,,,
33,430.5,2.93,41.02,0.8,2110.7,0.486,0.682,,,,,,84.4,25.09,13.75,9.97
33,458,,,,,,,,,,,,,,,
33,486,,,,,,,,,,,,,,,
33,413,,,,,,,,,,,,,,,
33,485,2.95,41.24,0.78,2123.2,0.506,0.71,,,,,,,,,
33,447.5,2.94,40.97,0.8,1986.5,0.486,0.692,,,,,,,,,
33,456,2.97,42.17,0.77,2046.3,0.542,0.752,3.46,22.4,0.807,0.56,0.262,77.1,22.13,11.77,9
34,625.5,2.85,38.53,0.95,2735.4,0.388,0.526,3.12,27.08,0.96,0.272,0.153,74.1,18.4,11.57,8.46
34,636,,,,,,,,,,,,,,,
34,632,2.93,40.63,0.94,2611.2,0.412,0.556,3.52,27.38,0.852,0.213,0.051,,19.66,10.35,9.63
34,636.5,,,,,,,,,,,,,,,
34,661.5,,,,,,,,,,,,,,,
34,680.5,,,,,,,,,,,,,,,
34,646,2.96,42.12,1.03,2878.5,0.406,0.524,,,,,,,,,
34,676,,,,,,,,,,,,,,,
34,658,,,,,,,,,,,,,,,
34,655,2.84,38.79,1,2640.8,0.392,0.522,3.35,26,0.825,0.128,,,17.27,8.3,7.72
34,663,,,,,,,,,,,,,,,
34,,,,,,,,4.73,21.77,0.971,0.297,0.177,,,,
34,677.5,2.85,38.86,0.98,2829.7,0.396,0.524,2.15,28.29,0.709,,,76.2,18.88,9.28,8.71
34,673,,,,,,,,,,,,,,,
34,641,2.84,37.95,0.97,2786.6,0.406,0.538,2.1,28.81,0.866,0.121,,74.6,19.04,9.62,8.06
34,578,,,,,,,,,,,,,,,
34,653,,,,,,,,,,,,,,,
34,634,2.92,41.12,0.97,2982.4,0.412,0.532,2.6,25.61,0.694,0.087,,73,17.09,9.63,7.67
34,607,,,,,,,5.61,20.46,0.793,0.348,0.048,77.2,20.55,8.27,8.44
34,611,2.95,41.8,0.97,2862.5,0.43,0.572,,,,,,,,,
34,674,,,,,,,4.54,23.84,0.678,0.232,,76.2,18.35,9.91,8.23
34,,2.95,41.95,1.01,2856.9,0.406,0.54,,,,,,,,,
34,662.5,,,,,,,,,,,,75.7,19.77,8.87,7.79
34,,2.94,41.47,1.07,3113.5,0.382,0.496,,,,,,,,,
34,613,2.95,42,1.03,2839.6,0.402,0.54,4.03,24.92,0.795,0.05,0.02,,,,
34,630.5,,,,,,,,,,,,,,,
34,650,,45.3,1.06,2898.6,0.4,0.53,2.7,28.34,0.544,0.207,0.129,73,15.27,9.36,6.77
34,556,2.92,40.42,0.91,2458.3,0.434,0.594,4.79,23.74,0.67,0.379,0.141,,,,
34,621,,,,,,,,,,,,,,,
34,609,,,,,,,,,,,,,,,
34,625.5,,,,,,,,,,,,74.6,14.38,8.21,6.73
34,594,2.93,40.78,0.87,2388.4,,,2.93,28.98,0.546,,,,,,
34,624.5,2.94,41.42,0.94,2509.9,0.438,0.6,5.87,27.35,0.661,0.121,0.144,76.7,16.16,8.97,7.64
34,622,2.99,42.49,0.84,2389.2,,,,,,,,,,,
35,434,2.89,40.02,1.24,3051.5,0.328,0.426,3.01,26.38,0.927,0.338,0.43,86.6,23.23,9.47,9.55
35,425,,,,,,,,,,,,,,,
35,446,2.9,41.06,1.28,2885.2,0.304,0.404,2.91,28.77,0.861,0.296,0.264,83.2,25.22,11.17,10.82
35,443.5,,,,,,,,,,,,,,,
35,430.5,2.95,42.08,1.33,3081.7,0.306,0.392,,,,,,,,,
35,430.5,,,,,,,,,,,,,,,
35,470.5,,,,,,,,,,,,,,,
35,496.5,2.87,39.68,1.31,3114.2,0.294,0.384,3.23,26.57,0.843,0.361,0.392,79.2,24.1,,10.05
35,432.5,,,,,,,,,,,,,,,
35,510.5,2.81,38.17,1.39,,0.278,0.352,2.96,27.23,0.995,0.487,0.329,79.7,24.27,11.33,9.75
35,475.5,,,,,,,,,,,,,,,
35,,,,,,,,4.27,22.69,1.092,0.316,0.512,,22.81,9.44,8.82
35,466,2.76,36.72,1.17,2979.7,0.314,0.396,3,28.78,1.014,0.31,0.266,81.7,22.37,10.61,10.75
35,449,,,,,,,,,,,,,,,
35,478.5,2.78,37.57,1.3,2912.6,0.296,0.388,3.12,26.77,0.859,0.534,0.467,77.7,23.64,11.51,9
35,503.5,,,,,,,,,,,,,,,
35,441.5,,,,,,,,,,,,,,,
35,,2.86,39.82,1.28,2970.5,0.306,0.4,,,,,,,,,
35,,,,,,,,4.46,25.03,0.919,0.512,0.535,82.2,21.21,11.14,10.46
35,,2.88,40.23,1.25,3016.9,0.322,0.418,,,,,,,,,
35,,,,,,,,4.35,23.52,0.947,0.367,0.595,80.7,22.1,11.11,10.53
35,,2.93,41.83,1.36,3187.5,0.296,0.384,,,,,,,,,
35,,2.91,40.89,1.13,2588.6,0.356,0.484,4.21,24.57,0.7,0.429,0.189,,,,
35,,2.85,39.7,1.1,2634.6,0.37,0.492,2.64,26.58,0.954,0.751,0.487,81.2,21.69,10.45,9.73
35,,,,,,,,,,,,,81.2,20.19,11.2,10.01
35,,2.87,39.75,1.11,2516.5,0.342,0.456,,,,,,,,,
35,,,,,,,,,,,,,87.6,20.21,10.72,9.57
35,,2.94,41.73,1.07,2415.4,0.36,0.498,3.44,29.72,0.696,0.504,0.291,,,,
35,,2.92,41.05,1.11,2626.9,0.354,0.474,4.88,27.72,0.853,0.44,0.465,83.7,23.28,10.87,9.7
35,,2.89,40.14,1.15,2646.9,0.342,0.466,,,,,,,,,
35,,2.88,40.25,1.12,2710,0.344,0.468,,,,,,80.2,20.04,10.32,7.76
35,,2.95,42.12,1.16,2716.3,0.346,0.468,,,,,,,,,
35,,2.86,39.39,1.15,2565.2,0.342,0.462,4.75,23.12,0.987,0.713,0.645,,,,
35,,2.9,41.02,1.27,2765.5,0.306,0.404,2.19,29.48,0.799,0.577,0.303,,20.79,9.84,8.79
35,,2.86,39.38,1.23,2936.6,0.312,0.414,3.65,23.55,0.86,0.716,0.543,79.2,18.73,11.52,9.63
35,,2.96,42.33,1.2,2727.9,0.332,0.446,2.56,29.9,0.75,0.6,0.439,,,,
36,,2.79,37.68,1.05,2395.4,,,2.15,27.91,1.169,0.521,0.063,76.4,21.55,12.51,11.25
36,,2.84,38.15,1.2,2609.2,0.294,0.422,2.2,28.72,1.164,0.521,0.132,75.9,20.89,12.67,10.3
36,,2.87,39.55,1.3,2778.7,0.284,0.402,,,,,,,,,
36,,2.68,34.48,1.13,2662.2,0.308,0.436,3.52,28.46,1.263,0.718,0.236,,22.55,11.09,11.15
36,,2.78,37.26,1.2,2548.8,0.302,0.42,2.61,28.14,1.13,0.529,0.172,74.9,21.74,12.15,9.8
36,,,,,,,,4.87,22.68,1.105,0.624,0.486,72.3,20.85,11.71,10.92
36,,2.69,34.45,1.21,2583.7,0.3,0.414,3.53,28.44,1.11,0.416,0.26,76.4,21.02,11.81,11.46
36,,2.62,32.49,1.12,2412.6,0.302,0.434,3.63,27.07,1.078,0.628,0.399,73.8,22.18,11.76,10.64
36,,2.65,33.7,1.14,2294.3,0.314,0.434,3.21,25.15,1.153,0.567,0.531,71.8,21.73,14.04,11.9
36,,,,,,,,3.09,25.51,1.089,0.59,0.552,73.3,20.6,12.91,11.1
36,,2.75,36.57,1.19,2546.5,0.31,0.432,,,,,,,,,
36,,,,,,,,,,,,,76.4,23.33,15.25,10.6
36,,2.68,34.31,1.14,2402.9,0.304,0.426,,,,,,,,,
36,,,,,,,,3.47,24.87,1.156,0.623,0.567,71.8,22.75,12.86,11.41
36,,2.75,36.2,1.2,2470.8,0.304,0.424,,,,,,,,,
36,,2.78,37.3,1.31,2744.5,0.28,0.384,5.04,22.27,1.01,0.606,0.13,,,,
36,,2.75,36.58,1.28,2602.6,0.282,0.392,2.79,27.25,1.075,0.515,0.38,76.4,18.77,9.57,6.75
36,,2.81,38.2,1.32,2714.3,0.282,0.386,,,,,,,,,
36,,2.71,35.51,1.24,2741.7,0.286,0.4,5.11,26.1,0.99,0.593,0.323,72.8,16.54,9.16,6.93
36,,2.7,35.21,1.26,2475.2,0.284,0.398,,,,,,74.9,18.83,10.2,8.35
36,,2.79,37.72,1.21,2290.9,0.294,0.414,,,,,,,,,
36,,2.69,34.76,1.2,2296.2,0.292,0.414,,27.57,0.987,0.547,0.13,75.4,21.01,9.99,8.81
36,,2.74,36.21,1.24,2525.9,0.29,0.408,,,,,,,,,
36,,2.71,35.02,1.19,2470.5,0.296,0.412,,,,,,73.8,17,8.41,6.82
36,,2.71,35.49,1.21,2498.3,0.288,0.4,,,,,,,,,
36,,2.67,34.17,1.16,2339,0.304,0.43,3.6,24.56,1.144,0.387,0.362,,,,
36,,2.68,34.82,1.23,2481.7,0.284,0.404,2.87,27.21,0.895,,0.14,74.4,,8.51,
36,,2.73,35.72,1.25,2566.6,0.28,0.398,3.86,23.86,0.866,0.241,0.354,74.4,,,
36,,2.75,35.7,1.2,2496,0.294,0.414,3.7,25.72,0.98,,0.306,,,,
37,471.5,2.73,35.25,1.15,3271.4,0.328,0.426,2.14,25.85,0.926,0.251,0.321,71.8,17.14,6.88,8.56
37,460,,,,,,,,,,,,,,,
37,402.5,2.66,33.76,1.14,3016.2,0.31,0.414,2.91,25.17,0.807,0.22,,69.8,17.41,6.94,10.17
37,460.5,,,,,,,,,,,,,,,
37,447.5,,,,,,,,,,,,,,,
37,386.5,,,,,,,,,,,,,,,
37,398.5,,,,,,,,,,,,,,,
37,404,2.67,34,1.2,3144.2,0.316,0.406,2.08,26.38,0.771,0.229,0.109,72.3,19.39,7.65,8.39
37,417,,,,,,,,,,,,,,,
37,421.5,2.62,32.22,1.08,3355.8,0.342,0.43,1.82,26.24,0.799,0.437,0.137,70.3,15.89,6.58,9.04
37,429.5,,,,,,,,,,,,,,,
37,438,2.61,32.09,1.09,2978.7,0.328,0.422,3.29,25.9,0.775,0.182,0.115,75.7,17.82,7.45,7.77
37,445.5,,,,,,,,,,,,,,,
37,447,2.57,31.04,1.12,3237.6,0.338,0.438,2.74,25.95,0.769,0.097,0.176,71.8,18.57,7.4,7.59
37,439,,,,,,,,,,,,,,,
37,441,2.63,32.5,1.06,3212.3,0.324,0.414,3.71,22.87,0.728,0.081,0.171,71.3,16.51,7.5,8.31
37,407.5,,,,,,,,,,,,71.3,18.17,7.34,8.15
37,419,2.68,34.04,1.05,3087.5,0.344,0.452,,,,,,,,,
37,418,,,,,,,,,,,,72.3,17.7,8.68,8.27
37,,2.76,36.19,1.21,3335.9,0.316,0.412,,,,,,,,,
37,436,,,,,,,1.86,25.08,0.775,0.155,0.176,70.8,17.59,8.5,8.98
37,,2.79,36.85,1.27,3404.8,0.294,0.382,,,,,,,,,
37,,2.77,36.27,0.94,2880.6,0.426,0.57,4.42,22.99,0.828,0.424,0.154,,,,
37,,2.72,35,1.06,3062.6,0.354,0.464,3.53,24.58,0.511,0.338,,72.8,12.57,7,5.9
37,400.5,2.69,34.19,1.01,2868.3,0.376,0.486,,,0.739,0.188,0.103,,,,
37,412,,,,,,,,,,,,,,,
37,425,2.65,33.44,0.9,2711.8,0.412,0.536,3.63,24.53,0.702,0.496,0.291,70.8,14.63,7.97,8.64
37,416.5,2.67,33.82,1.13,3072.2,0.336,0.438,,,,,,69.3,15.15,7.79,7.13
37,427,,,,,,,,,,,,68.8,13.36,6.74,6.85
37,410.5,2.67,33.8,1.01,2897.4,0.37,0.496,,22.58,0.628,0.275,,,,,
37,416.5,,,,,,,,,,,,,,,
37,,2.68,33.64,1,2712.9,0.372,0.504,,,,,,,,,
37,412,,,,,,,,,,,,71.8,13.75,6.71,6.72
37,416,,,,,,,,,,,,,,,
37,441.5,2.66,33.73,0.91,2561.5,0.382,0.546,2.64,24.67,0.903,,0.179,,,,
37,411,,,,,,,2.71,25.27,,0.33,0.177,,,,
37,436,2.78,36.86,1.14,2918.2,0.352,0.466,2.82,23.11,0.543,0.154,,,,,
37,423.5,,,,,,,2.46,25.84,0.79,0.463,0.232,,,,
38,509,2.93,41.23,1.1,2830.8,0.334,0.48,,,,,,,,,
38,505.5,,,,,,,,,,,,,,,
38,504.5,2.86,38.89,0.96,2432.2,0.38,0.54,4.18,23.82,1.121,0.458,0.354,,19.43,8.75,8.2
38,514.5,,,,,,,,,,,,,,,
38,545,2.93,40.53,1.03,2768.7,0.364,0.532,,,,,,,,,
38,546.5,,,,,,,,,,,,,,,
38,518.5,2.86,39.37,1,2553.2,0.36,0.518,3.58,26.86,1.128,0.61,0.403,78.4,21.07,10.34,8.79
38,,2.75,36.22,0.96,2500.8,0.376,0.53,2.89,25.47,1.263,0.484,0.243,77.9,19.38,8.28,7.24
38,505.5,,,,,,,,,,,,,,,
38,,,,,,,,4.32,22.36,1.152,0.391,0.421,75.3,17.87,9.7,
38,505,2.84,38.61,1.02,2719.7,0.36,0.504,3.17,26.09,1.132,0.524,0.166,78.4,17.33,9.17,7.6
38,483,2.8,37.59,1.01,2567.6,0.366,0.532,2.92,27.33,1.1,0.383,0.325,78.4,18.77,8.46,8.96
38,519,,,,,,,,,,,,,,,
38,,2.75,35.7,0.96,2535.2,0.358,0.496,5.33,20.84,1.043,0.252,0.21,78.4,16.52,8.19,7.3
38,,,,,,,,4.73,21.16,1.193,0.351,0.197,79.5,17.58,8.37,7.71
38,,2.82,38.25,0.98,2602.5,0.366,0.518,,,,,,,,,
38,470,,,,,,,4.98,21.96,1.226,0.312,0.21,77.9,16.91,9.38,7.21
38,,2.93,41.32,0.97,2514.9,0.37,0.51,,,,,,,,,
38,523,,,,,,,6.08,20.46,1.268,0.296,0.363,77.9,17.3,8.66,7.91
38,,2.88,39.73,0.99,2551.5,0.378,0.536,,,,,,,,,
38,550,3.03,43.94,1.08,2722.6,0.354,0.514,5.62,22.55,1.253,0.63,0.332,,,,
38,550,,,,,,,,,,,,,,,
38,520,2.96,42.35,1.08,2707.6,0.348,0.496,3.29,28.35,1.066,0.681,0.763,78.9,14.32,9.52,6.01
38,540,3.1,46.74,,2778.3,0.344,0.508,7.13,20.97,1.076,0.529,0.491,,,,
38,530,,,,,,,,,,,,,,,
38,525,3.03,44.69,1.07,2646.8,0.356,0.522,5.33,24.66,,0.668,0.613,80.5,13.56,9.16,6.56
38,540,,,,,,,,,,,,,,,
38,500,2.96,42.03,0.97,2535.2,0.354,0.53,,,,,,80,15.77,9.45,6.83
38,460,,,,,,,,,,,,,,,
38,537.5,,,,,,,,,,,,,14.47,8.17,6.26
38,535,2.91,40.65,0.97,2775.4,0.378,0.524,2.92,26.69,,0.508,0.543,,,,
38,540,2.92,40.77,1.04,2575.9,0.358,0.504,6.32,25.76,1.092,0.638,0.609,80,16.61,9.94,7.76
38,520,2.81,37.72,0.96,2551.1,0.384,0.538,,,,,,,,,
38,565,2.88,39.64,0.98,2510,0.37,0.526,,,,,,77.4,,,
38,533,2.91,40.84,0.98,2449.3,0.39,0.534,,,,,,,,,
38,515,2.97,42.41,1.06,2702,0.356,0.514,2.9,26.61,1.1,0.607,0.622,,,,
38,515,2.91,40.65,1.03,2582.5,0.354,0.516,3.3,25.88,1.121,0.648,0.448,76.3,18.17,8.59,8.35
38,516,2.88,39.35,1,2548.2,0.368,0.514,,,,,,81.6,14.02,8.54,5.79
38,,2.97,42.29,1.06,2715,0.366,0.516,,,,,,,,,
39,436.5,,,,,,,,,,,,,,,
39,461,,,,,,,,,,,,,,,
39,434,,,,,,,,,,,,,,,
39,504.5,,,,,,,,,,,,,,,
39,449,2.76,36.34,0.98,2574.2,0.366,0.532,,,,,,,,,
39,470,,,,,,,,,,,,,,,
39,449.5,2.75,35.36,0.94,3100.7,0.376,0.548,,,,,,,,,
39,495,,,,,,,,,,,,,,,
39,476,,,,,,,4.27,25.38,0.945,0.449,0.65,79.8,19.8,8.31,10.35
39,467.5,2.75,35.53,0.87,2938.8,0.386,0.582,4.09,24.94,0.746,0.282,0.574,78.1,18.32,8.99,8.77
39,,,,,,,,5.73,20.75,1.07,0.328,0.404,76.5,23.35,10.2,8.54
39,475,2.76,35.82,0.9,2953.7,0.394,0.584,4.5,24.52,0.756,0.323,0.537,80.9,20.85,9.41,10.36
39,467.5,,,,,,,,,,,,,,,
39,470.5,2.75,35.18,0.98,2695.4,0.356,0.532,4.03,25.09,0.821,0.249,0.464,79.2,21.66,8.99,9.58
39,456,,,,,,,,,,,,,,,
39,443,2.76,35.94,0.84,2945.4,,0.628,4.77,22.82,0.861,0.285,0.522,76.5,22.22,10.21,9.49
39,446.5,,,,,,,,,,,,,,,
39,418,,,,,,,5.24,20.96,0.91,0.178,0.497,77.6,20.02,8.6,10.03
39,452,,37.67,1.01,2864.5,0.344,0.51,,,,,,,,,
39,478,,,,,,,,,,,,79.8,21.34,9.15,8.87
39,,2.77,36.08,1.01,3045.9,0.362,0.528,,,,,,,,,
39,498,,,,,,,3.81,23.05,0.867,0.338,0.577,78.1,18.72,8.15,9.15
39,,,37.04,0.95,2807.5,0.39,0.554,,,,,,,,,
40,246.5,,,,,,,,,,,,,,,
40,284,,,,,,,,,,,,,,,
40,252.5,,,,,,,,,,,,,,,
40,231.5,,,,,,,,,,,,,,,
40,233.5,,,,,,,,,,,,,,,
40,267.5,,,,,,,,,,,,,,,
40,293,,,,,,,,,,,,,,,
40,294.5,2.85,38.45,0.81,2021.2,0.466,0.634,,,,,,,,,
40,251.5,,,,,,,,,,,,,,,
40,276,2.88,37.16,0.79,1782.7,0.446,0.622,,,,,,,,,
40,304.5,,,,,,,,,,,,,,,
40,308,2.75,35.23,0.77,1698.2,0.47,0.658,2.55,26.02,1.091,0.616,0.537,85.9,21.5,10.3,11.21
40,304,,,,,,,,,,,,,,,
40,259.5,,,,,,,3.19,26.27,1.11,0.476,0.232,82.4,20.48,12.49,9.55
40,354,,,,,,,,,,,,,,,
40,,,,,,,,5.95,,0.946,0.592,0.79,,,,
40,274,2.62,31.3,0.6,1675.7,0.578,0.784,3.31,26.48,0.969,0.634,0.265,80.9,22.35,8.87,9.51
40,215.5,,,,,,,,,,,,,,,
40,236,,,,,,,,,,,,,,,
40,318,,30.46,0.75,1876.6,0.432,0.604,3.22,26.65,0.984,0.385,0.395,74.9,21,10.12,9.9
40,309,,,,,,,,,,,,,,,
40,217,2.67,32.69,0.69,1936.8,0.528,0.7,,,,,,77.4,24.59,10.27,10.97
40,245,,,,,,,,,,,,,,,
40,286.5,2.78,35.63,0.86,2096.5,0.396,0.576,,,,,,,,,
40,278,,,,,,,,,,,,82.9,21.79,9.94,11.65
40,,2.65,32.88,0.89,2082.9,0.374,0.528,,,,,,,,,
40,207.5,,,,,,,,,1.074,0.443,0.539,,,,
40,255.5,2.86,38.06,0.8,1981.5,0.448,0.612,,,,,,,,,
40,309,,,,,,,,,,,,,,,
40,303,2.93,40.62,0.82,1995.6,0.464,0.634,6.46,22.37,1.013,0.638,0.366,,,,
40,334.5,,,,,,,,,,,,,,,
40,315.5,,,,,,,3.62,25.47,0.866,0.659,0.449,77.9,16.78,12.55,6.35
40,268.5,,,,,,,,,,,,,,,
40,285.5,2.8,36.96,0.75,1868.3,0.51,0.682,6.08,,0.916,0.437,0.23,,,,
40,365,,,,,,,,,,,,,,,
40,323,2.9,39.86,0.82,2083,0.462,0.634,5.41,25.61,0.896,0.328,0.31,74.4,14.54,11.6,6.87
40,318.5,,,,,,,,,,,,,,,
40,369.5,2.84,37.84,0.71,1846,0.504,0.692,,,,,,78.9,13.98,10.7,7.52
40,310.5,,,,,,,,,,,,76.9,14.56,9.68,7.02
40,299,2.89,39.59,0.81,2007.4,0.456,0.654,3.73,25.21,0.757,0.275,0.37,,,,
40,402.5,2.89,39.53,0.75,1729.9,0.454,0.6,4.4,29.28,0.814,0.412,0.302,81.4,15.99,12.64,6.78
40,261,2.83,37.19,0.66,1668.9,0.564,0.784,,,,,,,,,
40,286.5,2.85,37.93,0.67,1523,0.54,0.768,3.82,26,0.917,0.602,0.598,77.9,16.49,12.34,9.25
40,241,2.86,38.37,0.7,1801.5,0.54,0.726,3.37,25.32,1.305,1.002,0.608,78.9,24.07,10.95,9.53
40,325,2.59,31.44,0.53,1388.8,,,6.11,,0.653,0.308,0.15,78.9,14.67,9.91,7.7
40,,2.91,40.14,0.67,1606.1,0.556,0.762,2.93,25.29,0.963,0.098,0.229,,,,
41,430.5,2.66,30.94,0.68,1906.4,0.536,0.742,,,,,,,,,
41,429,,,,,,,,,,,,,,,
41,427,2.61,30,0.7,1856.2,0.474,0.684,,,,,,,,,
41,435,,,,,,,,,,,,,,,
41,437,2.57,30.69,0.78,1981.7,0.448,0.624,,,,,,,,,
41,440,,,,,,,,,,,,,,,
41,398,2.45,27.53,0.77,1914.2,0.434,0.598,2.23,28.1,0.825,0.343,0.327,71,28.18,11.02,11.95
41,426.5,,,,,,,,,,,,,,,
41,410.5,,,,,,,,,,,,,,,
41,398,,,,,,,,,,,,,,,
41,,,,,,,,5.03,20.79,0.808,0.535,0.416,,,,
41,424,2.45,27.71,0.71,1814.7,0.47,0.624,3.22,26.77,0.933,0.236,0.412,77.5,,12.7,11.69
41,383,,,,,,,,,,,,,,,
41,408,,,,,,,,,,,,,,,
41,408.5,2.45,27.98,0.7,1759.6,0.478,0.64,3.21,23.88,1.026,0.349,0.731,77.5,27.25,10.73,13.18
41,430,,,,,,,,,,,,,,,
41,435,,,,,,,,,,,,74.5,26.57,12.34,12.25
41,446,,,,,,,,,,,,,,,
41,,2.55,30.96,0.73,1788.5,0.462,0.612,,,,,,,,,
41,399,,,,,,,,,,,,,,,
41,422,2.51,29.39,0.77,1850.9,0.458,0.614,,,,,,,,,
41,440.5,,,,,,,4.94,19.89,1.014,0.317,0.735,73.5,28.41,10.95,10.56
41,,2.51,27.53,0.85,1897.5,0.406,0.556,,,,,,,,,
41,397,2.61,32.1,,1810.5,0.42,0.582,3.59,24,0.906,0.51,0.521,,,,
41,387.5,,,,,,,,,,,,,,,
41,401,2.52,29.14,0.67,1752.3,0.49,0.708,,,,,,,,,
41,388.5,,,,,,,,,,,,,,,
41,387,,,,,,,4.18,24.87,1.009,0.3,0.545,70,21.35,9.7,8
41,406,,,,,,,,,,,,,,,
41,427,,,,,,,,,,,,74,22.51,11.4,8.86
41,423.5,,,,,,,,,,,,73.5,21.65,8.47,7.41
41,,,,,,,,2.88,27.1,0.833,0.036,0.323,,,,
41,395,2.56,30.22,0.71,1741.9,0.492,0.686,5.77,27.35,0.961,0.373,0.309,75,22.01,9.89,7.65
41,420,,,,,,,,,,,,,,,
41,425,,,,,,,,,,,,,,,
41,418,,,,,,,5.04,25.1,0.956,0.1,0.447,71,20.74,8.66,7.35
41,418.5,,,,,,,,,,,,,,,
41,381,,,,,,,4.46,23.72,1.007,0.426,0.476,,,,
41,401,,,,,,,2.55,25.58,0.978,0.21,0.519,71.5,22.04,8.55,7.77
41,418,,,,,,,6.51,19.01,0.981,0.377,0.497,72,,,
41,417.5,,,,,,,2.52,26.99,0.958,0.328,0.487,,,,
42,587.5,,,,,,,,,,,,,,,
42,593.5,2.82,38.06,0.97,2130.6,0.374,0.536,,,,,,,,,
42,589.5,,,,,,,,,,,,,,,
42,610.5,2.85,39.05,1.03,2109.4,0.368,0.526,,,,,,,,,
42,609.5,,,,,,,,,,,,,,,
42,575,,,,,,,,,,,,,,,
42,607,2.83,38.07,1.02,2134.7,0.36,0.522,,,,,,,,,
42,567,,,,,,,,,,,,,,,
42,578,2.77,36.55,0.95,2079.2,0.368,0.52,,,,,,,,,
42,541,,,,,,,,,,,,,,,
42,548.5,2.69,34.42,0.85,1877.8,0.39,0.57,,,,,,75.7,18.34,8.19,9.1
42,580,,,,,,,,,,,,,,,
42,580,,,,,,,,,,,,,,,
42,,,,,,,,4.19,22.01,0.663,0.417,0.183,,,,
42,566,2.71,34.92,0.88,1901.7,0.4,0.572,3.11,26.52,0.874,0.496,0.293,76.7,21.61,8.98,10.61
42,567.5,,,,,,,,,,,,,,,
42,586.5,,,,,,,,,,,,,,,
42,564,2.73,35.18,0.91,1803.6,0.396,0.574,2.24,29.07,0.695,0.383,0.072,76.7,19.98,9.42,8.46
42,543,,,,,,,,,,,,,,,
42,553.5,,,,,,,,,,,,,,,
42,590,2.76,36.09,0.99,2021.4,0.37,0.52,4.89,21.45,0.833,0.329,,75.7,18.95,9.42,7.94
42,568,,,,,,,,,,,,76.7,22.46,8.36,7.97
42,,2.81,37.8,0.99,1905.5,0.36,0.506,,,,,,,,,
42,555.5,,,,,,,,,,,,74.3,20.17,9.6,8.73
42,539.5,2.78,36.91,0.94,1930,0.38,0.532,,,,,,,,,
42,,,,,,,,6.4,19.15,0.867,0.643,0.38,,,,
42,530,2.91,40.53,0.92,1740.8,0.414,0.59,,,,,,,,,
42,547.5,,,,,,,,,,,,,,,
42,497,2.92,41.08,1.15,2105.8,0.336,0.476,5.6,20.98,0.658,0.198,0.019,,,,
42,527,,,,,,,,,,,,,,,
42,530,2.91,40.91,0.98,2256.6,0.386,0.576,2.12,27.83,0.528,0.568,0.332,77.2,13.77,9.48,6.3
42,556,,,,,,,,,,,,,,,
42,508.5,2.92,41.25,1.08,2027.3,0.358,0.506,8,20.62,0.566,0.335,0.029,,,,
42,555.5,,,,,,,,,,,,,,,
42,503.5,2.82,38.2,0.96,1959.7,0.36,0.508,3,26.59,0.488,0.327,0.184,76.2,13.98,9.28,6.67
42,562,,,,,,,,,,,,,,,
42,560,2.7,34.88,0.83,1768,0.422,0.632,,,,,,75.2,17.1,9.98,8.11
42,585,,,,,,,,,,,,78.2,13.54,7.46,7.16
42,614,2.87,39.7,1.01,1941.9,0.392,0.54,4.43,30.18,0.615,0.09,0.131,,,,
42,580.5,2.81,37.76,0.92,1933.3,0.396,0.558,5.37,29.77,0.497,0.333,0.361,76.2,16.49,8.75,6.35
42,538.5,2.87,39.13,1.11,2138.1,0.332,0.486,,,,,,,,,
42,543,2.77,36.99,0.98,2039.5,0.384,0.552,2.85,28.28,0.44,0.302,0.254,75.7,16.74,8.86,6.47
42,613,,,,,,,,,,,,,,,
42,582,2.87,39.56,1.04,2080.5,0.37,0.532,3.3,27.15,0.637,0.062,,74.3,19.46,8.79,8.65
42,519.5,2.78,37.1,0.96,1853.6,0.378,0.548,4.73,20.65,0.517,0.454,0.114,76.2,15.59,9.62,7.12
42,,,,,,,,1.52,30.73,0.67,0.429,0.387,,,,
43,562.5,2.43,26.69,0.78,2269.2,0.446,0.59,,,,,,,,,
43,536,,,,,,,,,,,,,,,
43,554.5,,,,,,,,,,,,,,,
43,566.5,,,,,,,,,,,,,,,
43,584,2.4,26.54,0.77,1981.3,0.418,0.566,,,,,,,,,
43,567,,,,,,,,,,,,,,,
43,550,2.35,25.4,0.77,2099.8,0.428,0.576,,,,,,86.7,20.44,,9.71
43,556.5,2.39,26.49,0.73,2003.7,0.468,0.622,4.87,23.45,0.734,0.523,0.352,88.8,20.21,10.84,9.99
43,566.5,,,,,,,,,,,,,,,
43,579.5,2.38,25.8,0.75,1919.6,0.426,0.59,5.18,22.34,0.709,0.349,0.172,87.2,21.23,10.74,9.35
43,560,,,,,,,,,,,,,,,
43,550.5,2.42,26.96,0.67,1981.2,0.492,0.672,,,,,,78.7,17.41,10.72,10.22
43,564,,,,,,,,,,,,86.2,19.71,,9.8
43,,2.47,28.42,0.75,1832.5,0.462,0.618,,,,,,,,,
43,558.5,,,,,,,4.88,22.33,0.898,0.459,0.33,85.6,22.4,,10.86
43,,2.43,26.87,0.73,1903,0.456,0.624,,,,,,,,,
43,579.5,,,,,,,,,1.025,0.48,0.494,84,24.02,10.83,9.8
43,,2.5,,0.76,1905.8,0.456,0.614,,,,,,,,,
44,502,,,,,,,,,,,,,,,
44,,2.94,41.86,0.85,1771.5,0.444,0.676,6.27,20.78,0.832,0.096,,,,,
44,417.5,,,,,,,,,,,,,,,
44,453,,,0.8,1646.6,0.466,0.718,4.09,25.95,0.744,0.253,0.066,77.2,,9.84,7.3
44,364.5,,,,,,,,,,,,,,,
44,412,2.98,42.55,0.71,1482.3,0.584,0.816,7.91,19.25,0.96,0.138,0.195,,,,
44,399.5,,,,,,,,,,,,,,,
44,354,2.92,40.34,0.7,1488,0.522,0.772,3.5,25.32,0.83,,0.08,76.7,19,8.51,9.23
44,355,,,,,,,,,,,,,,,
44,507,,,,,,,,,,,,,,,
44,487.5,2.85,38.84,0.7,1563,0.514,0.758,,,,,,,18.14,8.2,8.49
44,380,,,,,,,,,,,,,,,
44,373.5,,,,,,,,,,,,79.7,18.36,7.77,7.46
44,360.5,2.92,40.09,0.65,1466.9,0.556,0.836,6.4,25.81,0.871,,,,,,
44,372.5,2.91,40.02,0.74,1567.9,0.502,0.754,6.11,27.62,0.966,0.181,0.179,76.2,19.16,8.5,8.77
44,499,,,,,,,,,,,,,,,
44,495.5,2.89,39.86,0.69,1517.9,0.526,0.79,,,,,,,,,
44,425.5,2.87,39.39,0.71,1569,0.506,0.744,4.1,27.7,1.008,0.087,0.168,77.7,18.92,8.92,7.39
44,480.5,,,,,,,,,,,,,,,
44,446,,,0.69,1513.3,0.52,0.76,2.83,25.54,0.776,0.204,0.257,,,,
44,450,2.87,39.47,0.74,1623.7,0.498,0.744,3.42,25.97,0.926,0.045,0.024,77.7,17.61,8.07,6.57
44,428,2.9,40.06,0.73,1635.6,0.506,0.732,3.2,24.1,0.82,,0.008,78.2,18.02,8.54,7.07
44,,2.95,41.22,0.82,1686.9,0.462,0.666,2.26,28.6,0.848,0.071,0.028,,,,
45,,,,,,,,6.57,20.84,1.059,,0.408,,,,
45,,2.87,39.47,0.72,1662.6,0.558,0.732,3.99,25.95,1.093,0.659,0.396,81.5,16.13,10.67,7.34
45,,2.96,42.26,0.65,1489.3,0.652,0.864,4.46,22.17,0.946,0.525,0.275,,,,
45,,2.79,37.23,0.6,1450.3,0.66,0.888,7.61,20.49,0.985,0.54,0.529,80.5,14.85,10.96,7.68
45,,2.83,38.67,0.64,1523.2,0.648,0.854,,,,,,75.1,16.71,10.89,7.55
45,,,,,,,,,,,,,84.4,16.95,,8.83
45,,2.87,39.53,0.68,1737.9,0.596,0.816,3.41,26.2,1.011,0.549,0.54,,,,
45,,2.91,40.75,0.65,1751.9,0.61,0.816,5.85,27.52,1.022,0.573,0.446,80,15.99,11.23,7.91
45,362,,,,,,,,,,,,,,,
45,413,2.76,36.85,0.66,1784.9,0.574,0.79,,,,,,,,,
45,396,,,,,,,,,,,,80,,,
45,380.5,,,,,,,,,,,,,,,
45,430,,,,,,,,,,,,,,,
45,433.5,,,,,,,,,,,,,,,
45,422.5,,,,,,,,,,,,,,,
46,392,,,,,,,,,,,,,,,
46,414.5,3.3,53.01,0.8,2246.5,0.538,0.776,6.55,21.41,0.982,,0.161,,,,
46,456.5,,,,,,,,,,,,,,,
46,452.5,3.19,49.37,0.77,2032.6,0.504,0.766,3.94,25.12,1.083,0.613,0.492,78.8,14.44,,7.86
46,460,,,,,,,,,,,,,,,
46,,3.14,47.58,0.8,2169.3,0.492,0.73,7.85,20.32,0.866,0.441,0.425,,,,
46,448,3.11,46.87,0.81,1936.8,0.5,0.726,5.66,21.69,0.835,0.327,0.292,79.8,14.06,,6.85
46,494.5,,,,,,,,,,,,79.8,12.9,6.84,6.88
46,456.5,3.17,49.13,0.86,2163.9,0.472,0.702,1.97,27.86,0.834,0.295,0.411,,,,
46,500,3.14,48.23,0.86,2104.3,0.456,0.67,5.1,28.84,1.09,0.464,0.67,80.3,14.18,9.43,7.6
46,,3.1,46.88,0.93,2173.3,0.428,0.626,,,,,,,,,
46,445.5,3.14,48.3,0.81,2070.7,0.486,0.722,2.03,27.1,1.132,0.305,0.308,,17.64,6.47,6.16
46,,3.1,46.82,0.9,2145.3,0.45,0.662,4.68,20.75,1.217,0.058,0.313,85.6,16.83,6.43,6.68
47,,3.08,45.79,0.79,1938.5,0.5,0.738,5.49,22.29,1.014,0.282,0.185,,,,
47,,2.95,42.02,0.75,1922.6,0.502,0.726,4.54,25.53,0.832,0.441,0.098,73.8,17.69,10.97,8.46
47,,3.05,45.08,0.78,1780.3,0.518,0.744,7.79,19.42,0.866,0.203,0.07,,,,
47,,3.07,45.76,0.84,1954,0.46,0.684,6.18,21.64,0.778,0.381,0.169,75.2,16.89,9.68,8.1
47,,2.99,43.52,0.79,1935,0.506,0.736,,,,,,78.7,17.45,10.03,8.36
47,,,,,,,,,,,,,77.7,20.08,8.98,8.4
47,,3.18,49.07,0.9,1982.4,0.46,0.664,4.02,26.2,0.983,0.287,0.268,,,,
47,,3.07,45.83,0.85,1999.3,0.462,0.688,5.38,27.48,1.116,0.298,0.284,76.7,19.56,8.21,
47,400.5,3.13,46.74,0.87,2002.1,0.474,0.702,,,,,,,,,
47,412.5,3.01,43.63,0.81,1873,0.486,0.712,4.71,25.97,1.079,0.514,0.333,76.2,20.09,8.72,9.64
47,384,3.06,45.2,0.87,2045.1,0.464,0.682,,,,,,,,,
47,414.5,3.07,44.68,0.89,2035,0.45,0.658,2.03,28.92,0.784,0.461,0.508,,,,
47,408,3.16,48.43,0.91,2002.7,0.436,0.654,2.23,27.18,0.884,0.315,0.138,73.8,21.02,8.97,8.16
47,400,3.13,47.11,0.94,1970.3,0.434,0.652,1.79,26.46,0.904,0.204,0.095,76.2,18.18,7.67,7.42
48,468.5,2.9,40.24,0.65,1742.8,0.56,0.814,6.82,20.55,0.87,0.359,0.201,,,,
48,457.5,3.03,44.31,0.69,1976.6,0.556,0.818,3.59,26.03,1.024,0.41,0.185,74,14.25,9.56,6.74
48,494.5,,,,,,,,,,,,,,,
48,509.5,2.94,40.85,0.65,1880.3,0.562,0.81,7.22,20.03,0.859,0.331,0.152,,,,
48,432.5,,,,,,,,,,,,,,,
48,521.5,2.95,41.36,0.7,1711,0.52,0.776,6.15,22.15,0.742,0.344,0.158,,,,
48,543.5,,,,,,,,,,,,,,,
48,538,2.83,37.98,0.69,1930,0.492,0.742,,,,,,,15.75,8.12,8.69
48,542,,,,,,,,,,,,,,,
48,539,2.9,39.59,0.64,1851.9,0.578,0.836,,,,,,,,,
48,515.5,2.95,41.53,0.62,1813.9,0.614,0.9,,,,,,74.5,14.38,9.13,7.58
48,555.5,,,,,,,,,,,,,,,
48,538.5,,,,,,,,,,,,,,,
48,529,,,,,,,,,,,,,,,
48,518,,,,,,,,,,,,,,,
48,547,,,,,,,,,,,,,,,
48,527,,,,,,,,,,,,,,,
49,467.5,,,,,,,,,,,,,,,
49,446,,,,,,,,,,,,,,,
49,470.5,,,,,,,,,,,,,,,
49,,2.5,28.25,0.64,2827.5,0.496,0.682,,,,,,,,,
49,494,2.59,30.73,0.6,2779.9,0.522,0.758,,,,,,,,,
49,493.5,,,,,,,,,,,,,,,
49,,2.49,28.07,0.6,2897.8,0.522,0.73,,,,,,,,,
49,494.5,,,,,,,,,,,,,,,
49,412,,,,,,,,,,,,,,,
49,500,,,,,,,,,,,,,,,
49,501,,,,,,,,,,,,,,,
49,470,,,,,,,,,,,,,,,
49,434.5,2.65,32.24,0.55,2729.3,0.646,0.9,7.05,20.92,0.824,0.492,0.26,,,,
49,475.5,,,,,,,,,,,,,,,
49,507.5,2.56,29.57,0.51,2463.8,0.632,0.918,5.82,22.31,0.733,0.363,0.179,72.3,13.67,7.8,6.37
49,472,,,,,,,,,,,,,,,
49,445,2.6,30.79,0.57,2668.2,0.592,0.862,,,,,,74.4,12.09,7.77,5.99
49,489,,,,,,,,,,,,,,,
49,471,,,,,,,,,,,,,,,
49,463.5,2.75,34.75,0.66,3001.9,0.524,0.76,,,,,,,,,
49,560,2.69,33.45,0.62,2519.3,0.538,0.778,7.03,23.08,0.925,0.639,0.439,74.9,14.58,9.29,7.11
49,498,2.81,36.55,0.67,2791.1,0.504,0.764,,,,,,,,,
49,524,2.67,32.93,0.6,2964,0.568,0.812,,,,,,75.4,11.42,7.43,5.55
49,498.5,2.67,32.98,0.6,2738.2,0.574,0.832,,,,,,,,,
49,535.5,2.72,33.79,0.57,2723.5,0.622,0.886,6.42,20.78,1.33,0.673,0.609,,,,
49,,2.59,30.42,0.55,2492.7,0.596,0.876,4.85,22.45,0.827,0.449,0.065,71.3,11.95,7.68,6.01
49,505,2.72,33.7,0.57,2714.6,0.604,0.882,6.89,17.84,0.946,0.615,0.181,75.9,13.71,8.1,5.59
49,,2.75,34.98,0.57,2629.9,0.622,0.904,3.82,24.22,1.16,0.376,0.49,,,,
