ID,value_ave_GB,value_ConPV_mx,value_JHIM.mx,value_FTCT.mx,value_FZVmx,value_EccDur.mn,value_TTPP.mx,value_tm_CV_SMF1,value_mu.vel_CV_SMF1,value_logAdj_pl.up,value_logAdj_pl.fwd,value_logAdj_pl.side,value_HRmu_perc,value_pl.up_CV_SMR1,value_pl.fwd_CV_SMR1,value_pl.side_CV_SMR1
3,403,2.8,37.2,0.92,2416,400,0.62,4.32,23.84,1.433,0.713,0.813,80.2,20.92,11.06,10.19
39,444.5,2.72,35.2,0.95,3090,368,0.66,,,,,,,,,
4,492,2.89,40.2,0.99,2168,384,0.64,4.29,24.03,1.085,0.357,0.408,,17.81,9.1,8.86
10,438,2.78,36.1,1.13,3193,338,0.46,2.06,28.53,1.366,0.573,0.618,79,22.11,10.52,10.57
9,547.5,2.87,39.3,0.96,2888,406,0.58,3.9,26.03,0.71,0.363,0.315,75.8,22.54,10.33,9.87
7,594,2.79,,0.9,,404,0.61,3.96,24.83,1.162,0.328,0.512,77.6,19.59,8.99,11.68
15,,,,,,,,2.88,25.65,1.218,0.585,0.51,83,19.92,9.34,10.81
2,,2.76,36.3,1,2202,358,0.52,4.95,23.17,1.063,0.496,0.41,80.4,21.47,8.48,9.45
12,,,,,,,,3.64,25.11,1.076,0.184,,76,18.98,10.43,8.5
13,414,2.84,38.2,0.67,1713,540,0.83,3.37,25.16,1.04,0.139,0.629,,18.39,8.37,8.87
14,538.5,2.92,41.2,0.96,2297,418,0.63,2.95,25.49,0.599,0.016,0.028,83.9,17.36,9.86,8.98
42,573.5,,,,,,,,,,,,,,,
16,520,2.86,38.6,1.38,3587,266,0.45,2.75,27.37,0.835,,,79.7,21.2,7.55,7.79
1,,,,,,,,2.51,25.79,0.832,0.301,0.099,,,,
19,,2.75,36,0.88,2014,436,0.67,2.6,26.45,0.817,0.277,0.384,74.9,19.06,7.6,11.94
5,517,2.9,39.3,0.89,2500,446,0.68,4.14,26.95,0.918,0.039,0.381,74.7,24.65,8.26,9.82
11,,2.88,39.1,0.8,2338,464,0.8,3.88,24.51,0.99,0.368,0.25,88,23.1,10.85,9.26
17,422,3.1,46.1,1.05,2767,418,0.57,2.68,25.38,0.591,0.219,0.535,,19.27,9.51,13.38
8,475.5,2.69,34.1,0.82,1903,444,0.63,3.95,24.16,1.192,0.646,0.533,84,32.1,13.69,12.34
18,550.5,2.75,36.2,0.9,2582,428,0.68,2.65,28.78,1.123,0.353,0.412,82.2,25.99,10.13,12.8
6,590.5,2.9,39.7,1.11,3347,358,0.56,4.11,23.98,0.927,0.415,0.494,83.1,25.13,7.98,13.52
35,440.5,,,,,,,,,,,,,,,
40,255.5,,,,,,,,,,,,,,,
23,642.5,2.91,40.2,0.77,2824,496,0.71,,,,,,,,,
7,575,,,,,,,,,,,,,,,
4,487,,,,,,,,,,,,,,,
39,436.5,,,,,,,,,,,,,,,
3,484,,,,,,,,,,,,,,,
18,513,,,,,,,,,,,,,,,
19,330.5,,,,,,,,,,,,,,,
16,504.5,,,,,,,,,,,,,,,
9,518,,,,,,,,,,,,,,,
13,421.5,,,,,,,,,,,,,,,
14,537.5,,,,,,,,,,,,,,,
8,475.5,,,,,,,,,,,,,,,
23,612.5,,,,,,,,,,,,,,,
7,576.5,,,,,,,,,,,,,,,
11,452.5,,,,,,,,,,,,,,,
10,439,,,,,,,,,,,,,,,
17,451,,,,,,,,,,,,,,,
40,246.5,,,,,,,,,,,,,,,
42,587.5,,,,,,,,,,,,,,,
5,508.5,,,,,,,,,,,,,,,
2,485.5,,,,,,,,,,,,,,,
6,583,,,,,,,,,,,,,,,
3,503.5,2.81,37.3,0.9,2436,422,0.61,3.77,26.73,1.587,0.84,0.819,75.6,19.64,9.8,10.78
4,466.5,2.75,36.3,0.89,2119,424,0.64,4.15,26.26,1.138,0.54,0.258,80.7,20.21,9.06,8.43
20,,,,,,,,3.77,28.28,0.758,0.177,0.086,80.5,19.43,8.95,8.36
15,,,,,,,,3.37,26.48,1.374,0.664,0.573,77.3,17.94,9.31,9.47
8,448.5,2.7,34.3,0.8,1896,458,0.65,3.39,27.22,1.093,0.686,0.638,80,29.99,12.85,11.45
21,,,,,,,,3.31,26.95,1.234,0.725,0.749,73.1,24.74,10.29,14.57
24,,,,,,,,2.38,27.54,0.934,0.349,0.442,83.8,20.72,10.57,17.67
17,396,3.02,43.3,1.05,2904,406,0.56,1.97,27.67,0.608,0.597,0.551,83,23.02,10.45,13.67
42,593.5,2.82,38.1,0.97,2131,374,0.68,,,,,,,,,
6,,2.86,39.1,1.03,3221,372,0.52,3.42,27.59,0.858,0.3,0.396,70.8,23.62,9.89,12.3
14,524.5,2.97,41.8,0.87,2249,474,0.68,2.93,28.21,0.703,0.156,0.105,81.3,17.56,9.4,10.24
7,563.5,2.68,33.4,0.81,2209,432,0.64,3.97,27.73,1.307,,0.027,81.6,20.95,11.05,8.24
2,450,2.7,35.3,0.91,2094,400,0.64,4.89,25.17,1.016,0.427,0.43,77.3,21.31,8.37,9.83
10,434,2.7,34.1,1.14,3241,334,0.48,3.57,27.88,1.216,0.61,0.456,77,26.45,12.41,11.55
5,500.5,2.87,38.3,1.09,2644,342,0.64,4,27.46,0.877,0.035,0.307,74.7,24.22,7.54,9.8
16,516,2.8,37.1,1.18,3126,300,0.57,2.72,27.64,1.203,0.577,0.505,77.2,22.42,9.03,8.91
13,452.5,2.82,37.9,0.69,1726,518,0.8,3.2,29.02,1.217,0.254,0.462,76.4,17.97,7.81,8.61
23,607.5,2.87,39,0.74,2575,502,0.77,2.45,26.42,0.51,0.112,0.44,82.2,17.41,6.26,9.27
18,525.5,2.83,38.6,1.03,2725,394,0.66,3.03,27.76,0.955,0.211,0.309,,,,
11,470.5,2.85,37.9,0.75,2414,488,0.73,3.58,26.98,1.045,0.405,0.03,83.9,24.97,10.53,8.8
19,313,2.78,37,0.87,2203,470,0.66,3.74,28.12,1.001,0.344,0.451,74.4,20.48,8.38,13.96
40,284,,,,,,,,,,,,,,,
9,564,2.74,35.5,0.9,2613,398,0.58,3.84,27.89,0.654,0.371,0.557,71,21.87,8.74,11.11
22,,,,,,,,2.9,27.2,0.795,0.176,0.247,78.1,23.94,9.89,11.41
4,479,,,,,,,,,,,,,,,
40,252.5,,,,,,,,,,,,,,,
8,497.5,,,,,,,,,,,,,,,
19,381,,,,,,,,,,,,,,,
23,617.5,,,,,,,,,,,,,,,
3,489,,,,,,,,,,,,,,,
4,482.5,,,,,,,,,,,,,,,
39,461,,,,,,,,,,,,,,,
9,546,,,,,,,,,,,,,,,
2,349,,,,,,,,,,,,,,,
5,502.5,,,,,,,,,,,,,,,
10,394,,,,,,,,,,,,,,,
19,361.5,,,,,,,,,,,,,,,
7,558.5,,,,,,,,,,,,,,,
11,469.5,,,,,,,,,,,,,,,
18,555,,,,,,,,,,,,,,,
23,602.5,,,,,,,,,,,,,,,
16,516,,,,,,,,,,,,,,,
42,589.5,,,,,,,,,,,,,,,
40,231.5,,,,,,,,,,,,,,,
8,461.5,,,,,,,,,,,,,,,
20,563,2.76,36.5,1.01,3177,418,0.58,3.82,27.22,0.713,0.028,0.172,83.6,18.88,7.16,8.05
3,467,2.81,37.8,0.94,2401,396,0.57,4.19,25.28,1.404,0.85,0.79,79.7,19.83,10.65,10.59
39,434,,,,,,,,,,,,,,,
4,511.5,2.67,33.8,0.91,2275,394,0.57,3.53,27.5,1.246,0.509,0.393,79.7,17.88,8.2,7.5
30,,3,43,0.81,2066,,,4.57,23.96,0.896,0.231,0.101,,19.48,7.91,7.53
41,430.5,2.66,30.9,0.68,1906,536,0.78,,,,,,,,,
11,471.5,2.74,35.3,0.89,2662,416,0.75,4.37,26.97,1.111,0.455,0.433,86.5,27.54,,10.92
24,550,2.71,34.9,0.96,2929,398,0.69,,,,,,80.5,21.9,10,16.51
35,434,2.89,40,1.24,3052,328,0.43,3.01,26.38,0.987,0.408,0.49,86.6,23.23,9.47,9.55
25,,2.54,29.3,0.7,2269,442,,5.82,20.97,0.94,0.579,0.709,78.9,19.53,9.95,11.19
15,600.5,2.82,37.6,0.66,,512,0.84,3.72,25.83,1.309,0.747,0.66,80.9,18.81,8.81,10.4
19,332,2.7,34.6,0.88,2024,436,0.69,3.64,27.18,1.003,0.338,0.565,72.3,19.36,8.49,12.99
33,517.5,2.85,38.1,0.89,2094,406,0.61,3.24,25.04,0.916,0.217,0.222,81.8,19.99,10.4,9.35
1,416.5,2.8,37,1.2,3244,308,0.44,2.56,26.83,0.895,0.327,0.31,73,26.09,10.31,9.59
29,,,,0.91,1816,450,0.67,4.59,24.93,0.807,0.063,,82.2,19.34,6.33,8.69
28,,2.79,36.9,0.76,2307,486,0.7,4.7,23.86,0.804,0.362,0.28,,23,7.31,7.7
21,573.5,2.68,33.7,1.12,2784,302,0.44,1.98,26.54,1.372,0.778,0.588,72.5,23.68,12.33,13.45
10,452,2.66,33.3,1.12,3049,334,0.46,3.27,28.42,1.248,0.675,0.391,79.5,26.18,12.65,10.62
12,473.5,2.78,36.9,1.01,2262,382,0.59,3.39,26.01,1.063,0.278,0.181,77.5,20.45,8.06,8.2
34,625.5,2.85,38.5,0.95,2735,388,0.59,3.12,27.08,1.02,0.342,0.213,74.1,18.4,11.57,8.46
7,535.5,2.79,,0.86,2266,392,0.63,4.52,25.84,1.246,0.3,0.136,82.1,21.21,8.88,10.44
42,610.5,2.84,39,1.03,2109,368,0.58,,,,,,,,,
37,471.5,2.73,35.2,1.15,3271,328,0.44,2.14,25.85,0.986,0.321,0.381,71.8,17.14,6.88,8.56
32,443.5,2.9,39.6,0.92,2947,412,0.59,4.1,24.43,0.828,0.415,0.103,81.7,17.36,8.07,7.09
9,547,2.76,36.1,0.95,2691,390,0.58,3.82,27.58,0.795,0.337,0.589,69.4,23.39,10,
18,516,2.78,37,0.99,2720,396,0.58,4.92,24.34,0.958,0.422,0.366,,,,
36,,2.79,37.7,1.05,2395,,0.49,2.15,27.91,1.239,0.591,0.123,76.4,21.55,12.51,11.25
38,509,2.93,41.2,,2831,334,0.55,,,,,,,,,
22,452,2.52,29.5,0.8,2109,456,0.68,3.39,26.6,0.912,0.285,0.143,79.2,22.31,8.59,9.87
17,391.5,3.08,45.5,1.07,2723,410,0.6,4.5,24.52,0.713,0.621,0.757,86,19.88,10.76,15.85
5,479.5,2.83,37.4,0.88,2305,418,0.63,3.85,27.8,1.059,0.243,0.377,76.3,24.43,7.6,10.35
40,233.5,,,,,,,,,,,,,,,
16,544.5,2.9,40,1.25,3382,306,0.44,3.26,27.3,1.197,0.31,0.278,79.2,24.97,10.26,10.2
27,,2.96,41.8,0.82,2432,484,0.73,5.08,22.89,1.13,0.478,0.444,72.1,20.44,9.01,9.24
13,421,2.78,36.9,0.69,1673,514,0.81,3.26,28.12,0.892,0.171,0.266,78.4,19.02,8.33,8.83
23,638.5,2.9,40.1,0.8,2729,472,0.7,4.77,23.47,0.603,0.191,0.611,83.8,16.28,6.7,9.36
14,488,2.92,40.9,0.95,2266,418,0.62,2.68,28.09,0.76,0.379,0.31,83.9,17.98,9.78,10.74
8,554,2.71,35,0.88,1997,432,0.62,3.9,26.82,1.055,0.606,0.712,77.5,30.12,13.69,12.01
31,605.5,3.08,45.6,0.69,2180,,0.88,4.36,24.83,0.873,0.379,0.355,81.4,22.86,10.62,7.08
2,468.5,2.64,33.2,0.84,2078,414,0.61,4.28,24.95,1.084,0.407,0.569,78.9,23.26,9.4,10.59
26,353,2.89,40.1,0.69,1972,588,0.87,5.2,23.17,0.719,0.417,0.471,87,17.15,6.65,7.61
30,434.5,,,,,,,,,,,,,,,
31,589,,,,,,,,,,,,,,,
28,307,,,,,,,,,,,,,,,
40,267.5,,,,,,,,,,,,,,,
7,562.5,,,,,,,,,,,,,,,
14,513,,,,,,,,,,,,,,,
27,474,,,,,,,,,,,,,,,
17,489.5,,,,,,,,,,,,,,,
5,485.5,,,,,,,,,,,,,,,
20,554,,,,,,,,,,,,,,,
30,415.5,,,,,,,,,,,,,,,
4,513.5,,,,,,,,,,,,,,,
39,504.5,,,,,,,,,,,,,,,
3,505,,,,,,,,,,,,,,,
13,405,,,,,,,,,,,,,,,
12,397.5,,,,,,,,,,,,,,,
9,543.5,,,,,,,,,,,,,,,
38,505.5,,,,,,,,,,,,,,,
37,460,,,,,,,,,,,,,,,
35,425,,,,,,,,,,,,,,,
19,407.5,,,,,,,,,,,,,,,
16,515.5,,,,,,,,,,,,,,,
18,525.5,,,,,,,,,,,,,,,
5,514,,,,,,,,,,,,,,,
40,293,,,,,,,,,,,,,,,
31,576,,,,,,,,,,,,,,,
29,394,,,,,,,,,,,,,,,
26,391.5,,,,,,,,,,,,,,,
27,481.5,,,,,,,,,,,,,,,
14,501.5,,,,,,,,,,,,,,,
28,451.5,,,,,,,,,,,,,,,
17,380,,,,,,,,,,,,,,,
42,609.5,,,,,,,,,,,,,,,
15,556.5,,,,,,,,,,,,,,,
22,475,,,,,,,,,,,,,,,
34,636,,,,,,,,,,,,,,,
41,429,,,,,,,,,,,,,,,
1,403,,,,,,,,,,,,,,,
24,489.5,,,,,,,,,,,,,,,
23,652.5,,,,,,,,,,,,,,,
8,503.5,,,,,,,,,,,,,,,
33,449.5,,,,,,,,,,,,,,,
11,503,,,,,,,,,,,,,,,
10,427,,,,,,,,,,,,,,,
25,338.5,,,,,,,,,,,,,,,
32,434,,,,,,,,,,,,,,,
30,424.5,,,,,,,,,,,,,,,
43,562.5,2.43,26.7,0.78,2269,446,0.62,,,,,,,,,
30,448,,,1.27,2249,,0.56,5.11,23.69,0.977,0.385,0.243,82.9,19.98,9.02,7.23
20,592,2.82,38,1.17,2962,350,0.5,4.43,23.84,0.813,0.055,,83.1,17.22,7.6,10.03
3,451,2.8,37,0.98,2454,372,0.55,3.08,26.83,1.379,0.753,0.807,77.7,20.46,9.6,11.27
39,449,2.76,36.3,0.98,2574,366,0.56,,,,,,,,,
4,516.5,2.73,35.8,0.97,2186,368,0.58,4.01,27.26,1.329,0.661,0.505,77.7,19.23,8.4,8.88
42,575,,,,,,,,,,,,,,,
25,245,2.51,28.2,0.64,2328,506,0.77,6.05,20.98,0.927,0.598,0.84,78.9,20.03,9.67,12.23
15,597.5,2.8,37,0.62,2632,536,0.9,4.29,25.39,1.523,0.777,0.703,80.4,18.53,10.01,10.33
27,462.5,2.93,40.7,0.74,2324,546,0.84,4.34,24.06,1.289,0.603,0.602,68.7,21.02,9.42,10.61
28,395,2.78,36.9,0.81,2427,442,0.66,2.56,26.21,,0.66,0.303,69.9,24.47,8.85,9.44
11,455.5,2.77,35.8,0.72,2344,506,0.74,4.72,25.88,1.08,0.442,0.304,83.9,24.8,,9.14
1,410.5,2.8,37.3,1.22,3438,314,0.46,3.03,27.11,0.693,0.241,0.363,70.4,25.27,10.49,11.19
29,,3.14,48,0.75,1687,,0.85,4.85,24.32,0.844,0.124,0.145,76,20.7,7.19,8.98
14,478.5,3.05,44.8,0.91,2263,452,0.71,2.51,29.12,0.898,0.432,0.161,82.3,17.7,10.96,11.35
31,587.5,3.08,45.4,0.72,2193,,0.82,3.07,25.4,1.024,0.379,0.193,78.4,20.92,10.79,7.7
23,650,2.95,41.5,0.81,3191,484,0.73,3.68,23.85,0.489,0.101,0.616,82.7,15.6,6.95,
8,454.5,2.71,34.7,0.86,1740,408,0.64,,,,,,,,,
5,503,2.84,38.2,0.83,2255,452,0.68,3.58,28.76,0.993,0.202,0.329,76.8,22.52,8.09,9.31
10,447,2.64,32.6,1.18,3247,320,0.45,3.21,27.72,1.333,0.754,0.66,78.5,25.54,12.98,11.7
9,565.5,2.79,37.4,0.89,2659,430,0.63,3.95,27.16,0.777,0.418,0.515,72,21.65,8.67,10.71
33,458.5,2.74,35.6,0.89,1951,426,0.63,2.29,24.08,1.031,0.343,0.392,,22.93,11.06,11.57
35,446,2.9,41.1,1.28,2885,304,0.42,2.91,28.77,0.921,0.366,0.324,83.2,25.22,11.17,10.82
40,294.5,2.85,38.5,0.81,2021,466,0.77,,,,,,,,,
22,470.5,2.48,28.8,0.8,2181,446,0.66,2.57,27.31,0.896,0.173,0.267,78.6,23.2,9.69,12.39
16,523.5,2.88,39.2,1.14,3423,330,0.54,2.98,27.96,1.301,0.569,0.45,77.7,22.82,8.81,9.42
21,564,2.73,35.5,1.05,2577,340,0.53,1.96,26.2,1.17,0.654,0.559,67.9,24.27,9.33,14.42
12,449,2.81,37.5,0.87,2041,434,0.71,4.04,25.91,1.028,0.185,,76.5,20.19,8.25,8.31
24,511.5,2.73,35.8,0.91,2675,418,0.61,2.13,25.29,0.768,0.202,0.349,78.4,20.24,8.29,14.27
37,402.5,2.66,33.8,1.14,3016,310,0.52,2.91,25.17,0.867,0.29,0.451,69.8,17.41,6.94,10.17
32,444.5,2.89,40.3,0.9,3052,418,0.58,3.99,24.08,0.864,0.351,0.264,82.8,17.63,7.71,7.88
17,436.5,3.01,43.6,1.01,2699,422,0.58,2.57,27.93,0.675,0.461,0.535,83.5,22.61,11.93,13.62
36,,2.84,38.1,1.2,2609,294,0.44,2.2,28.72,1.234,0.591,0.192,75.9,20.89,12.67,10.3
34,632,2.93,40.6,0.94,2611,412,0.62,3.52,27.38,0.912,0.283,0.111,,19.66,10.35,9.63
13,423,2.75,35.8,0.66,1640,522,0.83,2.2,28.02,1.099,0.489,0.562,74,19.79,9.4,9.48
38,504.5,2.86,38.9,0.96,2432,380,,4.18,23.82,1.181,0.528,0.414,,19.43,8.75,8.2
41,427,2.61,30,0.7,1856,474,0.79,,,,,,,,,
26,361.5,2.9,40,0.82,2097,496,0.89,4.84,23.71,0.897,0.362,0.476,66.5,18.32,6.62,7.92
19,385,2.76,36.2,0.9,2147,448,0.67,4.35,23.98,0.999,0.336,0.549,74.4,19.93,8.48,12.09
2,,2.75,36.4,0.98,2252,366,0.57,4.58,23.55,1.098,0.439,0.688,74.7,22.92,9.15,10.28
30,418.5,,,,,,,,,,,,,,,
29,306,,,,,,,,,,,,,,,
31,542,,,,,,,,,,,,,,,
27,448.5,,,,,,,,,,,,,,,
8,490.5,,,,,,,,,,,,,,,
5,484,,,,,,,,,,,,,,,
14,491,,,,,,,,,,,,,,,
20,524.5,,,,,,,,,,,,,,,
43,536,,,,,,,,,,,,,,,
39,470,,,,,,,,,,,,,,,
3,509,,,,,,,,,,,,,,,
4,541.5,,,,,,,,,,,,,,,
29,410,,,,,,,,,,,,,,,
7,532,,,,,,,,,,,,,,,
28,380.5,,,,,,,,,,,,,,,
24,463,,,,,,,,,,,,,,,
41,435,,,,,,,,,,,,,,,
38,514.5,,,,,,,,,,,,,,,
19,408,,,,,,,,,,,,,,,
27,510,,,,,,,,,,,,,,,
1,398,,,,,,,,,,,,,,,
10,461,,,,,,,,,,,,,,,
14,534.5,,,,,,,,,,,,,,,
11,499,,,,,,,,,,,,,,,
34,636.5,,,,,,,,,,,,,,,
8,541,,,,,,,,,,,,,,,
23,608,,,,,,,,,,,,,,,
21,565.5,,,,,,,,,,,,,,,
13,446,,,,,,,,,,,,,,,
35,443.5,,,,,,,,,,,,,,,
9,532,,,,,,,,,,,,,,,
12,433.5,,,,,,,,,,,,,,,
32,438,,,,,,,,,,,,,,,
16,538.5,,,,,,,,,,,,,,,
2,454,,,,,,,,,,,,,,,
22,478.5,,,,,,,,,,,,,,,
40,251.5,,,,,,,,,,,,,,,
15,526.5,,,,,,,,,,,,,,,
37,460.5,,,,,,,,,,,,,,,
18,513.5,,,,,,,,,,,,,,,
25,369,,,,,,,,,,,,,,,
31,552,,,,,,,,,,,,,,,
5,516,,,,,,,,,,,,,,,
17,334.5,,,,,,,,,,,,,,,
30,427.5,,,,,,,,,,,,,,,
4,480,2.83,38.4,1.01,2243,368,0.6,,,,,,,,,
39,449.5,2.75,35.4,0.94,3101,376,0.58,,,,,,,,,
20,556,,,,,,,,,,,,,,,
30,440.5,2.86,39.5,0.83,2094,444,,,,,,,,,,
43,554.5,,,,,,,,,,,,,,,
3,468,2.75,35.3,0.94,2338,396,0.56,,,,,,,,,
24,442,2.71,35.6,0.95,2887,410,0.59,,,,,,,,,
27,498.5,2.9,39.5,0.75,2346,508,0.74,,,,,,,,,
18,542,,,,,,,,,,,,,,,
31,484,2.96,41.7,0.78,2378,506,0.76,,,,,,,,,
11,,2.77,36.4,0.86,2577,436,0.63,,,,,,,,,
14,532,2.97,42.3,1.02,2401,418,0.61,,,,,,,,,
23,621,2.94,41.3,0.84,2977,440,0.66,,,,,,,,,
29,399.5,3.01,44,0.96,1958,436,0.81,,,,,,,,,
40,276,2.88,37.2,0.79,1783,446,0.65,,,,,,,,,
9,559.5,2.86,39.3,0.96,2786,398,0.62,,,,,,,,,
7,523,2.63,32.7,0.85,1956,420,0.63,,,,,,,,,
5,518,2.85,38.4,0.86,2330,462,0.69,,,,,,,,,
2,523,2.74,36,0.98,2279,376,0.6,,,,,,,,,
8,575.5,2.88,39.6,0.86,1656,454,0.67,,,,,,,,,
21,,2.8,37.2,1.13,,328,0.6,,,,,,,,,
34,661.5,,,,,,,,,,,,,,,
32,422,,,,,,,,,,,,,,,
10,365,2.75,35.6,1.19,3408,322,0.47,,,,,,,,,
42,607,2.83,38.1,1.02,2135,360,0.6,,,,,,,,,
25,366.5,2.6,31.9,0.78,2426,436,0.65,,,,,,,,,
22,472.5,2.53,29.9,0.84,2150,432,,,,,,,,,,
1,397.5,2.78,36.3,1.34,,268,0.45,,,,,,,,,
28,326,2.77,36.7,0.78,2268,474,0.73,,,,,,,,,
6,612.5,3,43,1.1,2854,364,0.57,,,,,,,,,
15,514,2.84,38.3,0.64,2575,528,1.04,,,,,,,,,
17,442,3.01,43.4,1.16,2929,372,0.59,,,,,,,,,
41,437,2.57,30.7,0.78,1982,448,0.69,,,,,,,,,
35,430.5,2.95,42.1,1.33,3082,306,0.45,,,,,,,,,
36,,2.87,39.5,1.3,2779,284,0.43,,,,,,,,,
38,545,2.93,40.5,1.03,2769,364,0.54,,,,,,,,,
12,433,,,,,,,,,,,,,,,
33,361,,,,,,,,,,,,,,,
13,425,2.8,37.5,0.69,1700,536,0.91,,,,,,,,,
37,447.5,,,,,,,,,,,,,,,
19,313.5,2.64,32.6,0.86,1866,420,0.64,,,,,,,,,
24,489,,,,,,,,,,,,,,,
15,477,,,,,,,,,,,,,,,
35,430.5,,,,,,,,,,,,,,,
10,364,,,,,,,,,,,,,,,
28,331.5,,,,,,,,,,,,,,,
11,458.5,,,,,,,,,,,,,,,
37,386.5,,,,,,,,,,,,,,,
19,318.5,,,,,,,,,,,,,,,
7,524.5,,,,,,,,,,,,,,,
1,383,,,,,,,,,,,,,,,
16,508.5,,,,,,,,,,,,,,,
12,412.5,,,,,,,,,,,,,,,
32,406,,,,,,,,,,,,,,,
30,457,,,,,,,,,,,,,,,
20,554,,,,,,,,,,,,,,,
4,456.5,,,,,,,,,,,,,,,
43,566.5,,,,,,,,,,,,,,,
3,497,,,,,,,,,,,,,,,
39,495,,,,,,,,,,,,,,,
9,549,,,,,,,,,,,,,,,
33,421.5,,,,,,,,,,,,,,,
19,321,,,,,,,,,,,,,,,
34,680.5,,,,,,,,,,,,,,,
12,461.5,,,,,,,,,,,,,,,
6,610.5,,,,,,,,,,,,,,,
13,421.5,,,,,,,,,,,,,,,
29,406,,,,,,,,,,,,,,,
40,304.5,,,,,,,,,,,,,,,
2,548.5,,,,,,,,,,,,,,,
23,631.5,,,,,,,,,,,,,,,
28,351.5,,,,,,,,,,,,,,,
18,526,,,,,,,,,,,,,,,
17,537,,,,,,,,,,,,,,,
35,470.5,,,,,,,,,,,,,,,
8,556,,,,,,,,,,,,,,,
21,587.5,,,,,,,,,,,,,,,
32,425,,,,,,,,,,,,,,,
5,458,,,,,,,,,,,,,,,
10,488,,,,,,,,,,,,,,,
16,519.5,,,,,,,,,,,,,,,
11,455,,,,,,,,,,,,,,,
42,567,,,,,,,,,,,,,,,
38,546.5,,,,,,,,,,,,,,,
31,527.5,,,,,,,,,,,,,,,
37,398.5,,,,,,,,,,,,,,,
41,440,,,,,,,,,,,,,,,
7,629.5,,,,,,,,,,,,,,,
1,393.5,,,,,,,,,,,,,,,
27,390.5,,,,,,,,,,,,,,,
24,589,,,,,,,,,,,,,,,
14,521.5,,,,,,,,,,,,,,,
25,251,,,,,,,,,,,,,,,
43,584,,,,,,,,,,,,,,,
20,566,,,,,,,,,,,,,,,
39,476,,,,,,,4.27,25.38,1.005,0.519,,79.8,19.8,8.31,10.35
3,,,,,,,,6.59,21.33,1.307,0.591,0.788,78.7,21.4,8.81,
30,445.5,,,,,,,,,,,,,,,
4,528,,,,,,,3.3,24.67,1.205,0.578,0.685,77.2,18.05,8.12,8.85
6,610.5,,,,,,,2.46,27.26,0.814,0.415,0.362,84.1,24.18,10.35,12.63
7,525.5,,,,,,,5.19,23.44,1.22,0.358,0.452,77.6,20.44,7.3,10.27
22,490.5,,,,,,,2.5,26.89,0.888,0.284,0.262,70.3,23.91,9.81,11.54
9,527.5,,,,,,,3.56,27.76,0.718,0.283,0.41,74.2,20.3,9.99,10.36
2,,,,,,,,4.88,23.55,1.051,0.507,0.527,76.3,21.26,7.99,10.64
16,492,,,,,,,2.24,28.01,1.179,0.418,0.638,78.7,20.51,8.38,10.16
38,518.5,,,,,,,3.58,26.86,1.188,0.68,0.483,78.4,21.07,10.34,8.79
13,407.5,,,,,,,3.84,23.99,1.091,0.28,0.599,79.8,19.33,8.46,9.38
25,273.5,,,,,,,3.75,25,0.811,0.225,0.545,73.7,22.77,8.13,11.32
8,522.5,,,,,,,3.65,26.22,1.048,0.825,0.642,74.5,28.42,14.16,11.36
14,525.5,,,,,,,3.27,27.04,0.791,0.195,0.054,80.7,18.43,8.55,9.56
32,454.5,,,,,,,3.88,25.89,0.802,0.319,0.184,76.1,17.93,7.8,7.29
10,480,,,,,,,,,,,,,,,
5,448.5,,,,,,,4.34,24.67,1.052,0.455,0.611,75.3,24.25,7.54,10.23
29,404,,,,,,,1.95,26.16,0.914,0.302,0.526,79.8,21.93,6.88,9.12
40,308,,,,,,,2.55,26.02,1.151,0.676,0.617,85.9,21.5,10.3,11.21
35,496.5,,,,,,,3.23,26.57,0.903,0.421,0.472,79.2,24.1,,10.05
23,602,,,,,,,2.94,25.07,0.646,0.192,0.658,80.1,16.2,6.49,10.43
21,566.5,,,,,,,2.51,26.83,1.333,0.696,0.605,61.7,27.93,11.18,16.58
12,425,,,,,,,4.1,25.99,0.974,0.079,0.005,79,20.34,8.9,8.18
19,382,,,,,,,4.48,25.69,1.018,0.536,0.569,70.3,17.75,8.62,11.97
18,534.5,,,,,,,,,,,,,,,
1,394,,,,,,,3.43,27.78,0.744,0.42,0.504,66.1,24.45,10.32,
24,527.5,,,,,,,3.12,25.11,0.952,0.348,0.449,77.8,19.7,8.22,15.14
41,398,,,,,,,2.23,28.1,0.885,0.403,0.407,71,28.18,11.02,11.95
37,404,,,,,,,2.08,26.38,0.831,0.289,0.179,72.3,19.39,7.65,8.39
11,492,,,,,,,4.75,25.7,1.259,0.517,0.22,81.8,25.67,,9.23
34,646,,,,,,,,,,,,,,,
28,381,,,,,,,4.7,24.89,0.893,0.411,0.44,73.6,24.3,7.83,9.62
42,578,,,,,,,,,,,,,,,
17,527.5,,,,,,,3.42,26.26,0.806,0.527,0.631,81,22.8,13.1,13.87
31,486.5,,,,,,,,,,,,,,,
36,,,,,,,,3.52,28.46,1.333,0.778,0.306,,22.55,11.09,11.15
33,390.5,,,,,,,,,,,,,,,
27,535.5,,,,,,,4.05,23.73,1.214,0.595,0.477,71.6,22.35,9.94,9.49
30,,2.88,40,1,2321,378,0.57,,,,,,,,,
3,,2.72,34.5,0.97,2391,372,0.58,,,,,,,,,
43,,2.4,26.5,0.77,1981,418,0.68,,,,,,,,,
20,,2.81,37.8,1.14,3567,366,0.58,,,,,,,,,
4,,2.76,36.3,0.98,2322,370,0.59,,,,,,,,,
38,,2.86,39.4,1,2553,360,0.54,,,,,,,,,
8,,2.7,34.6,0.72,1520,496,0.72,,,,,,,,,
18,,2.76,36.5,0.93,2669,424,0.61,,,,,,,,,
40,,2.76,35.2,0.77,1698,470,0.74,,,,,,,,,
35,,2.87,39.7,1.31,3114,294,0.41,,,,,,,,,
6,,2.9,40.5,1.09,2951,354,0.61,,,,,,,,,
7,,2.55,30.3,0.82,2075,396,0.6,,,,,,,,,
29,,3.13,47.6,0.95,2043,452,0.69,,,,,,,,,
28,,2.83,38.3,0.77,2216,460,0.77,,,,,,,,,
2,,2.72,35.1,0.91,2054,406,0.6,,,,,,,,,
10,,2.72,34.1,1.05,2880,336,0.53,,,,,,,,,
25,,2.45,27.7,0.7,2249,462,0.68,,,,,,,,,
19,,2.73,35.7,0.89,2209,436,0.64,,,,,,,,,
5,,2.91,39.8,0.96,2187,382,0.61,,,,,,,,,
36,,2.68,34.5,1.13,2662,308,0.45,,,,,,,,,
32,,2.79,37.5,0.87,2922,418,0.65,,,,,,,,,
17,,2.98,42.5,1.1,2869,384,0.53,,,,,,,,,
16,,2.84,38.2,1.18,3285,304,0.44,,,,,,,,,
9,,2.72,34.9,0.81,2478,460,0.65,,,,,,,,,
24,,2.82,38.5,0.95,2888,426,0.63,,,,,,,,,
11,,2.77,36,0.75,2470,504,0.73,,,,,,,,,
34,,2.96,42.1,1.03,2878,406,0.54,,,,,,,,,
21,,2.74,35.9,0.98,2413,368,0.57,,,,,,,,,
23,,2.9,40,0.78,2875,482,0.72,,,,,,,,,
37,,2.67,34,1.2,3144,316,0.48,,,,,,,,,
27,,2.88,39.1,0.79,2544,464,0.84,,,,,,,,,
14,,2.96,42.2,1.01,2424,380,0.59,,,,,,,,,
12,,2.78,37.1,0.96,2231,406,0.56,,,,,,,,,
41,,2.45,27.5,0.77,1914,434,0.67,,,,,,,,,
22,,2.51,29.4,0.84,2176,420,0.66,,,,,,,,,
1,,2.64,33,,,250,0.34,,,,,,,,,
31,,3,42.9,0.79,2328,504,0.76,,,,,,,,,
42,,2.77,36.5,0.95,2079,368,0.58,,,,,,,,,
13,,2.67,33.6,,1566,564,0.86,,,,,,,,,
31,451,,,,,,,,,,,,,,,
7,533.5,,,,,,,,,,,,,,,
21,580.5,,,,,,,,,,,,,,,
23,610.5,,,,,,,,,,,,,,,
34,676,,,,,,,,,,,,,,,
30,417.5,,,,,,,,,,,,,,,
43,567,,,,,,,,,,,,,,,
20,525,,,,,,,,,,,,,,,
4,557.5,,,,,,,,,,,,,,,
3,451,,,,,,,,,,,,,,,
18,508,,,,,,,,,,,,,,,
33,415,,,,,,,,,,,,,,,
29,468.5,,,,,,,,,,,,,,,
6,610,,,,,,,,,,,,,,,
24,499,,,,,,,,,,,,,,,
5,523.5,,,,,,,,,,,,,,,
40,304,,,,,,,,,,,,,,,
35,432.5,,,,,,,,,,,,,,,
21,597,,,,,,,,,,,,,,,
41,426.5,,,,,,,,,,,,,,,
22,462,,,,,,,,,,,,,,,
11,495,,,,,,,,,,,,,,,
14,532.5,,,,,,,,,,,,,,,
27,561.5,,,,,,,,,,,,,,,
10,393,,,,,,,,,,,,,,,
37,417,,,,,,,,,,,,,,,
34,658,,,,,,,,,,,,,,,
28,350,,,,,,,,,,,,,,,
17,432,,,,,,,,,,,,,,,
9,537,,,,,,,,,,,,,,,
16,498,,,,,,,,,,,,,,,
19,332.5,,,,,,,,,,,,,,,
7,589,,,,,,,,,,,,,,,
2,383,,,,,,,,,,,,,,,
32,439,,,,,,,,,,,,,,,
42,541,,,,,,,,,,,,,,,
15,549.5,,,,,,,,,,,,,,,
1,413.5,,,,,,,,,,,,,,,
12,385,,,,,,,,,,,,,,,
31,570.5,,,,,,,,,,,,,,,
8,535.5,,,,,,,,,,,,,,,
23,611,,,,,,,,,,,,,,,
13,425,,,,,,,,,,,,,,,
25,405.5,,,,,,,,,,,,,,,
3,466.5,2.62,32,0.92,2411,382,0.54,4.44,24.37,1.256,0.409,0.582,74.1,19.25,8.51,9.46
4,487,2.69,34.4,0.94,2285,394,0.6,3.42,25.48,1.18,0.493,0.447,75.1,17.68,8.49,7.34
30,438.5,2.89,40.4,0.9,2312,412,,,,,,,76.8,20.81,8.14,
43,550,2.35,25.4,0.77,2100,428,0.63,,,,,,86.7,20.44,,9.71
39,467.5,2.75,35.5,0.87,2939,386,0.65,4.09,24.94,0.746,0.282,0.574,78.1,18.32,8.99,8.77
20,553.5,2.8,37.8,1.07,3033,386,0.51,3.4,27.85,0.859,0.227,0.113,79.5,18.19,7.01,6.78
10,476,2.69,33.4,1,2641,358,0.57,4.15,26.56,1.387,0.619,0.779,76,21.34,12.18,9.88
17,456,2.97,42.2,1.15,2957,368,0.62,3.76,26.35,0.564,0.398,0.555,80,22.01,13.5,12.55
12,436,2.62,,0.88,2106,420,0.59,3.77,25.74,0.937,0.143,0.034,77,19.86,8.52,6.94
18,528.5,2.72,35.4,0.89,2646,426,0.61,,,,,,72.6,21.96,9.26,13.27
23,630,2.81,37.9,0.74,2617,490,0.76,3.87,25.81,0.76,,0.234,80.1,17.81,6.86,8.99
29,341.5,,43.1,0.81,1842,506,0.79,4.28,23.74,,0.05,0.141,76,18.99,5.68,7.76
32,451.5,2.83,38.3,0.85,2902,416,0.62,4.1,25.92,0.833,0.491,0.178,77.2,15.37,6.98,6.12
22,460,2.49,28.9,,2068,480,0.71,3.2,27.06,0.733,0.252,0.17,74.5,24.23,9.64,9.43
34,655,2.84,38.8,1,2641,392,0.6,3.35,26,0.825,0.128,,,17.27,8.3,7.72
8,543.5,2.75,36.1,0.8,1485,454,0.65,3.56,25.96,1.052,0.505,0.478,72,27.73,9.86,10.24
19,326.5,2.66,33.8,0.81,1913,436,0.68,3.12,26.48,0.87,0.331,0.302,,,,
41,410.5,,,,,,,,,,,,,,,
38,,2.76,36.2,0.96,2501,376,0.53,2.89,25.47,1.263,0.484,0.243,77.9,19.38,8.28,7.24
13,445,2.68,33.7,0.66,1549,544,0.85,2.97,28.37,0.883,0.155,0.262,73.1,19.29,8.27,8.01
33,443,,,,,,,,,,,,,,,
7,584,2.5,29.1,0.73,1779,418,0.68,4.63,25.6,1.14,,0.231,74,21.45,8.21,7.18
14,467,2.96,41.5,0.96,2230,402,0.61,3.05,26.88,0.765,0.28,0.06,80.2,17.32,9.38,8.25
31,505,2.89,39.8,0.77,2271,506,0.74,3.39,26.98,0.954,0.078,0.284,77.5,21.74,9.85,8.17
9,531.5,2.78,37.4,0.91,2746,420,0.59,3.88,27.35,0.667,0.327,0.256,72.6,21.75,9.4,8.74
11,478,2.73,35.5,0.8,2492,476,0.74,4.83,25.37,1.169,0.253,0.093,78.6,22.29,9.96,8.82
37,421.5,2.62,32.2,1.08,3356,342,0.47,1.82,26.24,0.799,0.437,0.137,70.3,15.89,6.58,9.04
16,477,2.85,38.8,1.15,2969,306,0.55,3.02,27.84,1.265,0.519,0.635,78.2,20.62,10.85,9.25
6,635,2.91,39.6,1.01,2997,380,0.55,2.9,27.53,0.966,0.397,0.382,77.4,23.59,8.57,10.13
5,505.5,2.84,38.5,0.81,2213,448,0.69,4.47,26.32,0.968,0.013,0.35,,25.36,7.19,9.81
2,387.5,2.61,32.4,0.82,1967,412,0.61,5.58,23.32,1.008,0.447,0.602,70.6,19.74,7.71,9.49
28,398,2.67,34.1,0.72,2324,464,0.75,4.57,23.08,0.743,0.147,0.247,71.5,21.37,8.09,8.13
42,548.5,2.7,34.4,0.85,1878,390,0.68,,,,,,75.7,18.34,8.19,9.1
1,391,2.62,32.4,1.31,,264,0.35,4.07,26.1,0.674,0.048,0.239,63,21.53,8.48,7.61
24,488.5,2.76,36.7,0.9,2824,434,0.59,2.56,26.42,0.943,,0.436,76.8,18.12,12.74,10.74
36,,2.78,37.3,1.2,2549,302,0.48,2.61,28.14,1.13,0.529,0.172,74.9,21.74,12.15,9.8
40,259.5,,,,,,,3.19,26.27,1.11,0.476,0.232,82.4,20.48,12.49,9.55
21,587.5,2.68,34.5,1.09,2610,332,0.55,2.52,27.69,1.246,0.694,0.813,,26,11.41,15.58
35,510.5,2.81,38.2,1.39,3544,278,0.4,2.96,27.23,0.995,0.487,0.329,79.7,24.27,11.33,9.75
25,308,2.52,29.1,0.74,2132,452,0.69,,,,,,,,,
27,438.5,2.82,37.4,0.75,2256,504,0.85,3.99,25.11,1.196,0.447,0.266,71.6,18.79,8.87,7.37
42,580,,,,,,,,,,,,,,,
20,550.5,,,,,,,,,,,,,,,
3,445,,,,,,,,,,,,,,,
4,550.5,,,,,,,,,,,,,,,
21,585.5,,,,,,,,,,,,,,,
24,460.5,,,,,,,,,,,,,,,
40,354,,,,,,,,,,,,,,,
15,539.5,,,,,,,,,,,,,,,
7,543.5,,,,,,,,,,,,,,,
25,335,,,,,,,,,,,,,,,
5,518,,,,,,,,,,,,,,,
41,398,,,,,,,,,,,,,,,
34,663,,,,,,,,,,,,,,,
8,531,,,,,,,,,,,,,,,
13,487,,,,,,,,,,,,,,,
31,436,,,,,,,,,,,,,,,
9,546.5,,,,,,,,,,,,,,,
28,418.5,,,,,,,,,,,,,,,
11,493,,,,,,,,,,,,,,,
29,375.5,,,,,,,,,,,,,,,
22,508,,,,,,,,,,,,,,,
6,635.5,,,,,,,,,,,,,,,
27,575,,,,,,,,,,,,,,,
18,523,,,,,,,,,,,,,,,
16,496.5,,,,,,,,,,,,,,,
42,580,,,,,,,,,,,,,,,
33,451,,,,,,,,,,,,,,,
2,478,,,,,,,,,,,,,,,
23,599,,,,,,,,,,,,,,,
37,429.5,,,,,,,,,,,,,,,
35,475.5,,,,,,,,,,,,,,,
38,505.5,,,,,,,,,,,,,,,
19,337,,,,,,,,,,,,,,,
4,,,,,,,,5.25,21.33,1.007,0.497,0.51,74.1,18.48,7.67,7.65
30,,,,,,,,4.88,22.28,,,0.146,,,,
20,,,,,,,,6.01,22.23,0.773,,0.107,,,,
3,,,,,,,,5.13,22.27,1.422,0.498,,,24.03,9.64,11.33
39,,,,,,,,5.73,20.75,1.11,0.408,0.474,76.5,23.35,10.2,8.54
11,,,,,,,,4.88,22.46,1.131,0.654,0.417,77.1,27.04,,8.97
42,,,,,,,,4.19,22.01,0.703,0.487,0.263,,,,
25,,,,,,,,7.8,16.91,0.886,0.167,0.576,,20.07,8.03,10.28
23,,,,,,,,5.69,21.5,0.753,0.33,0.754,,17.62,7.75,
38,,,,,,,,4.32,22.36,1.192,0.471,0.501,75.3,17.87,9.7,
13,,,,,,,,5.66,21.88,1.046,0.213,0.428,67.3,18.8,8.48,9.07
31,,,,,,,,4.63,21.54,1.076,0.369,0.454,73.5,24.96,10.44,8.77
16,,,,,,,,5.38,22.03,1.28,0.53,0.438,72.8,19.48,9.47,8.33
24,,,,,,,,4.4,21.07,0.883,0.327,0.54,76.2,23.9,9.52,9.68
5,,,,,,,,4.53,23.34,1.195,0.231,0.409,72.1,25.64,,10.03
34,,,,,,,,4.73,21.77,1.011,0.367,0.247,,,,
7,,,,,,,,5.26,21.8,1.139,0.412,0.367,65.8,18.98,7.79,9.36
14,,,,,,,,4.89,22.07,0.688,0.126,0.32,,20.57,7.92,10.83
35,,,,,,,,4.27,22.69,1.132,0.386,0.592,,22.81,9.44,8.82
28,,,,,,,,6.84,18.77,0.889,0.193,0.382,,20.77,8.52,9.44
2,,,,,,,,7.02,18.75,1.08,0.241,0.444,,20.59,6.82,7.55
10,,,,,,,,,19.88,1.224,,0.891,,23.08,13.32,11.07
40,,,,,,,,5.95,,0.986,0.662,0.86,,,,
12,,,,,,,,4.45,22.28,0.987,0.168,0.473,72,22.86,,
36,,,,,,,,4.87,22.68,1.155,0.694,0.556,72.3,20.85,11.71,10.92
15,,,,,,,,5.55,21.5,1.244,0.637,0.369,,,,
21,,,,,,,,,19.92,1.364,0.779,1.004,,26.74,12.88,16.45
18,,,,,,,,5.74,21.75,0.839,0.467,0.126,,,,
19,,,,,,,,6.07,20.32,0.919,0.322,0.669,,18.26,7.51,10.36
8,,,,,,,,5.7,21.11,0.948,0.745,0.669,,,,
32,,,,,,,,4.49,23.81,0.802,0.298,0.44,71.1,17.36,8.55,8.6
27,,,,,,,,4.48,22.61,1.198,0.614,0.483,,23.5,9.88,8.98
41,,,,,,,,5.03,20.79,0.848,,0.496,,,,
22,,,,,,,,5.14,22.12,0.859,0.214,0.198,,22.17,10.2,10.09
1,,,,,,,,5.54,,0.88,0.129,0.432,,23.12,8.94,10.21
9,,,,,,,,4.95,22.29,0.942,0.613,0.767,,22.84,8.45,9.16
30,471.5,,,,,,,,,,,,,,,
30,439,2.79,37.4,1.04,2517,356,0.56,4.13,26.35,0.886,0.39,0.096,76.2,19.65,7.59,7.41
3,475,2.59,30.9,0.88,,398,0.56,5.14,24.17,1.55,0.527,0.655,77.7,21.26,8.67,9.83
20,566.5,2.83,38,1.16,3132,348,0.49,3.29,29.25,0.719,0.236,0.035,79,17.74,7.13,7.49
43,556.5,2.39,26.5,0.73,2004,468,0.66,4.87,23.45,0.794,0.593,0.412,88.8,20.21,10.84,9.99
39,475,2.76,35.8,0.9,2954,394,0.68,4.5,24.52,0.816,0.393,0.597,80.9,20.85,9.41,10.36
4,525,2.68,34.6,0.98,2381,364,0.58,4.62,25.23,1.197,0.433,0.478,77.2,19.91,8.91,8.5
15,619.5,,,,,,,,,,,,,,,
21,586,2.69,34.4,1.03,2619,336,0.54,2.72,28.06,1.124,0.767,0.421,63.7,24.42,10.67,12.63
40,274,2.62,31.3,0.6,1676,578,0.8,3.31,26.48,1.029,0.704,0.325,80.9,22.35,8.87,9.51
5,518.5,2.82,37.7,0.8,2267,452,0.7,4.02,26.97,1.032,0.236,0.379,74.2,25.32,7.73,9.58
23,614.5,2.91,40.5,0.77,2651,482,0.73,3.97,24.93,0.764,0.253,0.39,82.7,16.11,6.05,7.8
13,443,,,,,,,5,22.64,1.035,0.146,0.425,81.3,18.49,8,7.99
10,461,2.65,32.4,1.06,2937,352,0.51,4.18,25.88,1.366,0.463,0.722,80,19.21,9.92,8.99
2,439.5,2.65,33.6,0.84,1952,422,0.67,4.22,23.91,1.056,0.402,0.472,74.7,20.18,7.51,7.78
31,517.5,,,,,,,,,,,,77,18.97,8.19,7.08
34,677.5,2.86,38.9,0.98,2830,396,0.57,2.15,28.29,0.769,0.062,0.018,76.2,18.88,9.28,8.71
9,528,2.75,36,0.88,2503,426,0.66,3.2,27.47,0.721,0.371,0.337,71.5,20.13,10.77,8.86
28,369.5,2.73,36,0.79,2269,440,0.7,4.1,24.16,0.816,0.167,0.405,74.1,20.3,7.33,6.77
11,485,2.74,35.4,0.8,2609,490,0.7,4.99,24.4,1.157,0.365,0.159,82.8,23.9,10.77,7.85
12,474,2.7,34.7,0.93,2293,406,0.63,3.88,25.96,1.082,0.497,0.229,75,20.63,8.45,9.97
16,509.5,2.84,38.2,1.26,3442,280,0.39,3.8,27.41,1.126,0.442,0.426,78.7,22.01,8,9.72
27,495,2.83,37.9,,2168,,0.9,3.98,24.84,,0.732,0.415,69.2,18.91,8.59,8.16
14,522.5,2.79,37.1,0.94,2387,432,0.61,2.14,28.7,0.658,0.205,,81.8,18.15,8.43,8.57
29,451.5,3.02,44.1,0.84,1856,478,0.76,3.68,25.75,0.833,0.134,0.088,70.7,20.31,6.42,9.83
24,436.5,2.74,36.2,0.96,2986,400,0.61,3.72,25.78,0.944,0.344,0.471,74.1,18.88,8.73,13.53
42,566,2.71,34.9,0.88,1902,400,0.65,3.11,26.52,0.934,0.566,0.353,76.7,21.61,8.98,10.61
37,438,2.61,32.1,1.09,2979,328,0.56,3.29,25.9,0.835,0.252,0.175,75.7,17.82,7.45,7.77
33,446.5,,,,,,,3.74,23.24,0.873,0.401,0.389,85.9,21.56,10.44,9.14
25,338,2.43,26.8,0.7,2102,452,0.67,3.35,21.33,0.911,0.436,0.673,78.4,20.13,8.93,9.77
7,530.5,2.57,30.6,0.77,1947,416,0.64,4.77,25.26,1.247,0.035,0.292,77,21.62,9.53,7.3
38,505,2.84,38.6,1.02,2720,360,0.57,3.17,26.09,1.192,0.594,0.226,78.4,17.33,9.17,7.6
8,524.5,2.71,34.6,0.83,1550,444,0.69,4.14,26.47,1.122,0.463,0.369,77.5,28.22,8.28,9.73
36,,2.69,34.5,1.21,2584,300,0.44,3.53,28.44,1.18,0.486,0.32,76.4,21.02,11.81,11.46
6,627.5,2.94,41.5,1.09,3037,364,0.54,,,,,,,,,
18,535,2.67,33.8,0.83,2654,430,0.62,3.71,26.86,0.95,0.206,0.36,82.7,21.22,10.31,11.66
22,474.5,2.48,28.8,0.8,2067,462,,3.4,26.96,0.989,0.396,0.363,81.8,21.94,7.24,9.11
32,440,2.83,38.2,0.89,2861,408,0.64,4.39,25.53,0.871,0.233,0.214,79.4,17.07,7.81,7.87
1,409,2.71,34.6,1.28,,268,0.41,3.49,26.67,0.752,0.162,0.12,63,23.06,9.11,9.9
41,424,2.45,27.7,0.71,1815,470,0.73,3.22,26.77,0.993,0.306,0.472,77.5,,12.7,11.69
17,497,2.8,37.1,0.88,2508,430,0.63,3.49,25.97,0.498,0.437,0.531,79.5,20,10.81,12.54
19,340.5,2.68,33.9,0.85,1988,442,0.7,4.52,25.26,0.851,0.351,0.593,71.3,20.51,8.48,10.43
35,466,2.76,36.7,1.17,2980,314,0.47,3,28.78,1.074,0.38,0.326,81.7,22.37,10.61,10.75
40,215.5,,,,,,,,,,,,,,,
7,527,,,,,,,,,,,,,,,
24,461.5,,,,,,,,,,,,,,,
13,438.5,,,,,,,,,,,,,,,
5,539,,,,,,,,,,,,,,,
41,383,,,,,,,,,,,,,,,
42,567.5,,,,,,,,,,,,,,,
17,435,,,,,,,,,,,,,,,
30,382,,,,,,,,,,,,,,,
3,463,,,,,,,,,,,,,,,
4,604,,,,,,,,,,,,,,,
43,566.5,,,,,,,,,,,,,,,
39,467.5,,,,,,,,,,,,,,,
20,564,,,,,,,,,,,,,,,
40,236,,,,,,,,,,,,,,,
28,417,,,,,,,,,,,,,,,
42,586.5,,,,,,,,,,,,,,,
31,480.5,,,,,,,,,,,,,,,
33,383,,,,,,,,,,,,,,,
23,609.5,,,,,,,,,,,,,,,
18,488,,,,,,,,,,,,,,,
32,450,,,,,,,,,,,,,,,
15,543.5,,,,,,,,,,,,,,,
1,406.5,,,,,,,,,,,,,,,
5,514,,,,,,,,,,,,,,,
11,392,,,,,,,,,,,,,,,
16,519.5,,,,,,,,,,,,,,,
37,445.5,,,,,,,,,,,,,,,
26,363,,,,,,,,,,,,,,,
8,530.5,,,,,,,,,,,,,,,
10,478.5,,,,,,,,,,,,,,,
6,604,,,,,,,,,,,,,,,
27,531.5,,,,,,,,,,,,,,,
14,511.5,,,,,,,,,,,,,,,
41,408,,,,,,,,,,,,,,,
25,333.5,,,,,,,,,,,,,,,
22,463.5,,,,,,,,,,,,,,,
19,288.5,,,,,,,,,,,,,,,
13,443.5,,,,,,,,,,,,,,,
7,581.5,,,,,,,,,,,,,,,
34,673,,,,,,,,,,,,,,,
29,398,,,,,,,,,,,,,,,
17,511.5,,,,,,,,,,,,,,,
12,426.5,,,,,,,,,,,,,,,
9,527.5,,,,,,,,,,,,,,,
24,462,,,,,,,,,,,,,,,
21,621,,,,,,,,,,,,,,,
2,480.5,,,,,,,,,,,,,,,
35,449,,,,,,,,,,,,,,,
20,574,2.66,,1.13,3126,348,0.52,3.72,28.55,0.721,0.132,,76.4,18.57,7.07,6.81
43,579.5,2.38,25.8,0.75,1920,426,0.71,5.18,22.34,0.739,0.369,0.172,87.2,21.23,10.74,9.35
30,416,2.83,38.1,1.03,2495,366,0.51,3.27,26.58,0.921,0.141,0.144,74,19.8,6.38,6.07
3,454,2.66,33.5,0.91,2387,380,0.55,3.98,24.71,1.374,0.562,0.775,74.1,18.97,10.03,9.23
4,498,2.68,33.7,0.92,2221,386,0.57,3.99,25.27,0.951,0.445,0.399,74.6,16.8,8.08,7.33
39,470.5,2.75,35.2,0.98,2695,356,0.67,4.03,25.09,0.851,0.269,0.464,79.2,21.66,8.99,9.58
5,542,2.77,35.7,1.02,2425,354,0.57,2.77,26.57,0.897,0.32,0.428,73.7,23.87,6.91,8.97
15,587,2.82,37.8,0.64,2560,542,0.92,3.35,25.21,1.595,0.701,0.847,80.9,17.38,7.63,7.53
29,438,,,,,,,,,,,,,,,
26,375.5,,,,,,,,,,,,,,,
41,408.5,2.45,28,0.7,1760,478,0.72,3.21,23.88,1.056,0.359,0.741,77.5,27.25,10.73,13.18
36,,2.62,32.5,1.12,2413,302,0.46,3.63,27.07,1.118,0.648,0.399,73.8,22.18,11.76,10.64
34,641,2.84,37.9,0.97,2787,406,0.59,2.1,28.81,0.896,0.131,,74.6,19.04,9.62,8.06
24,474,2.67,33.9,1.05,3008,358,0.54,2.52,26.71,0.923,0.326,0.423,74.1,19.86,10.63,11.15
12,466,2.65,33.4,0.92,2052,412,0.65,3.27,25.83,1.134,0.269,0.166,73.5,21.14,8.95,8.03
28,382.5,2.71,35.1,0.64,2061,,0.88,5.64,21.89,0.831,0.089,0.271,71.5,19.71,7.93,6.81
18,501.5,2.73,35.2,0.83,2520,464,0.62,4.41,24.8,0.969,0.056,0.358,74.6,22.24,9.93,10.38
2,486.5,2.69,34.4,0.82,2018,448,0.64,4.86,23.51,0.914,0.458,0.517,74.7,18.71,8.02,7.73
7,558,2.56,30.4,0.81,2108,378,0.65,,,,,,,18.76,10.51,8.12
42,564,2.73,35.2,0.91,1804,396,0.61,2.24,29.07,0.735,0.403,0.082,76.7,19.98,9.42,8.46
21,582,2.64,33.3,1.04,2395,342,0.53,2.71,25.76,1.197,0.752,0.782,,25.73,11.23,14.02
9,521,2.7,34.6,0.89,2629,420,0.6,4.13,25.93,0.687,0.2,0.405,71.5,21.75,10.01,9.02
31,487.5,2.94,41.1,0.77,2255,534,0.79,3.93,24.74,0.989,0.245,0.255,77.9,21.37,8.24,7.55
38,483,2.8,37.6,1.01,2568,366,0.56,2.92,27.33,1.13,0.403,0.335,78.4,18.77,8.46,8.96
25,458.5,2.44,26.5,0.71,2224,442,0.65,4.74,20.57,0.908,0.362,0.363,,,,
14,527,2.65,33.1,0.94,2416,442,0.63,2.91,26.38,0.811,0.28,0.204,80.7,17.55,9.17,8.86
6,636,2.87,38.9,1.1,2859,348,0.61,1.85,28.69,0.729,0.207,0.119,80.5,23.51,9,8.96
13,448,,,,,,,,,,,,,,,
22,467,2.46,28.4,,2061,480,0.73,3.41,27.17,0.838,0.157,0.317,66.7,22.85,9.86,9.18
8,489.5,2.75,36.2,0.78,1671,448,0.73,5.11,23.48,1.113,0.261,0.393,73,30.51,10.32,10.7
17,509,2.86,39.1,1.32,3204,322,0.53,4.05,24.8,0.64,0.439,0.717,78.5,21.83,10.27,12.68
23,600,2.84,38.5,0.76,2484,500,0.75,4.43,25.33,0.616,0.117,0.275,77,16.11,6.29,7.59
19,274.5,2.64,32.8,0.91,2127,410,0.7,2.95,28.32,0.985,0.435,0.409,68.7,18.26,6.97,10.61
27,521.5,2.87,38.6,0.72,2262,530,,2.67,27.73,1.061,0.515,0.398,67.2,19.1,9.62,8.37
35,478.5,2.78,37.6,1.3,2913,296,0.4,3.12,26.77,0.889,0.544,0.477,77.7,23.64,11.51,9
40,318,,30.5,0.75,1877,432,0.77,3.22,26.65,1.014,0.405,0.395,74.9,21,10.12,9.9
16,523.5,2.74,35.9,1.13,2914,316,0.44,2.74,26.65,1.18,0.321,0.46,75.7,21.6,8.69,10.42
11,,2.74,35.4,0.77,2535,508,0.71,5.66,23.33,1.066,0.288,0.143,77.6,22.32,9.82,8.57
37,447,2.57,31,1.12,3238,338,0.49,2.74,25.95,0.799,0.117,0.176,71.8,18.57,7.4,7.59
10,398,2.54,29.7,1.01,2854,332,0.49,2.53,28.38,1.366,0.716,0.681,76.5,22.41,13.15,10.46
1,380.5,,30.9,1.23,3493,286,0.39,3.82,26.64,0.679,,0.156,,22.9,8.48,7.68
33,441.5,,,,,,,3.71,25.11,0.883,0.201,0.218,80.2,23.05,9.28,8.1
4,452,,,,,,,,,,,,,,,
30,396.5,,,,,,,,,,,,,,,
9,535,,,,,,,,,,,,,,,
34,578,,,,,,,,,,,,,,,
22,454.5,,,,,,,,,,,,,,,
8,489,,,,,,,,,,,,,,,
42,543,,,,,,,,,,,,,,,
31,524,,,,,,,,,,,,,,,
49,467.5,,,,,,,,,,,,,,,
1,401,,,,,,,,,,,,,,,
16,497.5,,,,,,,,,,,,,,,
19,307,,,,,,,,,,,,,,,
30,431.5,,,,,,,,,,,,,,,
20,584,,,,,,,,,,,,,,,
43,560,,,,,,,,,,,,,,,
4,515.5,,,,,,,,,,,,,,,
39,456,,,,,,,,,,,,,,,
3,490,,,,,,,,,,,,,,,
16,504,,,,,,,,,,,,,,,
41,430,,,,,,,,,,,,,,,
40,309,,,,,,,,,,,,,,,
34,653,,,,,,,,,,,,,,,
12,442.5,,,,,,,,,,,,,,,
37,439,,,,,,,,,,,,,,,
10,422,,,,,,,,,,,,,,,
28,418,,,,,,,,,,,,,,,
2,381,,,,,,,,,,,,,,,
35,503.5,,,,,,,,,,,,,,,
17,512.5,,,,,,,,,,,,,,,
38,519,,,,,,,,,,,,,,,
9,566.5,,,,,,,,,,,,,,,
25,449.5,,,,,,,,,,,,,,,
26,422.5,,,,,,,,,,,,,,,
11,497.5,,,,,,,,,,,,,,,
33,455,,,,,,,,,,,,,,,
24,487.5,,,,,,,,,,,,,,,
6,632,,,,,,,,,,,,,,,
5,534,,,,,,,,,,,,,,,
31,495,,,,,,,,,,,,,,,
7,538,,,,,,,,,,,,,,,
13,409,,,,,,,,,,,,,,,
23,655.5,,,,,,,,,,,,,,,
21,597.5,,,,,,,,,,,,,,,
29,412.5,,,,,,,,,,,,,,,
42,553.5,,,,,,,,,,,,,,,
8,543,,,,,,,,,,,,,,,
49,446,,,,,,,,,,,,,,,
32,417.5,,,,,,,,,,,,,,,
1,404.5,,,,,,,,,,,,,,,
27,570,,,,,,,,,,,,,,,
15,604,,,,,,,,,,,,,,,
22,486.5,,,,,,,,,,,,,,,
14,567,,,,,,,,,,,,,,,
30,413.5,2.88,40.2,1.06,2659,376,0.57,2.98,24.82,0.856,0.239,0.055,77.9,21.06,7.06,7.28
4,574.5,2.66,33.6,0.89,2219,390,0.59,4.42,24.52,1.132,0.512,0.475,76.6,18.05,9.04,8.07
3,487.5,2.67,33.6,0.96,2389,374,0.52,6.74,19.15,1.316,0.488,0.567,71.6,19.14,9.14,9.66
43,550.5,2.42,27,0.67,1981,492,0.7,,,,,,78.7,17.41,10.72,10.22
39,443,2.76,35.9,0.84,2945,,0.65,4.77,22.82,0.921,0.355,0.582,76.5,22.22,10.21,9.49
20,558.5,2.76,36.4,1.05,2983,398,0.55,5.09,24.46,0.812,0.192,0.014,79.5,18.71,8.49,7.62
9,558,2.76,36.2,0.89,2556,416,0.63,3.72,25.01,0.809,0.296,0.502,69.4,20.46,9.44,8.81
38,,2.75,35.7,0.96,2535,358,0.55,5.33,20.84,1.103,0.322,0.27,78.4,16.52,8.19,7.3
26,435.5,3.02,44,0.78,2199,518,0.8,,,,,,,,,
23,635,2.9,40.2,0.82,2586,456,0.72,4.8,22.6,0.752,0.149,0.426,80.1,18.73,6.58,8.08
25,351.5,2.5,28.7,0.71,2378,464,0.68,,,,,,75.8,22.21,9.77,10.27
29,461.5,,,,,,,,,,,,,,,
7,565,2.55,29.9,0.78,2069,418,0.64,,,,,,75,22.6,8.31,8.94
40,217,2.67,32.7,0.69,1937,528,0.77,,,,,,77.4,24.59,10.27,10.97
17,534,2.9,40.1,1,2471,400,0.58,3.28,24.8,0.964,0.489,0.679,79.5,22.13,11.08,12.03
41,435,,,,,,,,,,,,74.5,26.57,12.34,12.25
14,574.5,2.83,38.2,0.91,2415,446,0.62,3.04,25.11,0.744,0.151,0.343,79.2,17.56,10.44,8.61
12,458.5,2.71,34.8,0.86,2015,442,,4.41,23.63,1.039,0.217,0.079,75,20.2,9.28,7.48
15,621,2.83,38.2,0.63,2536,556,0.99,6.65,18.88,1.332,0.616,0.805,83,18.02,7.37,9.66
31,502,2.94,41.3,0.91,2284,428,0.69,2.9,24.9,0.902,0.395,0.328,75.5,19.41,8.24,6.5
21,578,2.77,36.7,0.98,2313,362,0.58,2.94,25.33,1.179,0.654,0.79,,22.72,10.91,15.23
33,391.5,2.69,33.7,0.95,1975,380,0.56,2.78,24.87,0.762,0.308,0.324,81.8,21.71,11.67,8.32
16,523,2.72,34.8,1.06,2714,322,0.52,3.15,25.68,1.294,0.728,0.64,74.3,21.85,9.62,8.86
11,,2.66,33.2,0.68,2241,540,0.76,5.57,21.07,1.076,0.307,0.278,81.3,23.25,10.05,8.7
36,,2.65,33.7,1.14,2294,314,0.46,3.21,25.15,1.223,0.637,0.591,71.8,21.73,14.04,11.9
19,426.5,2.6,32.4,0.99,2242,374,0.6,,,,,,,,,
28,490,2.67,34.2,0.9,2234,390,0.82,5.5,21.64,0.919,0.385,0.368,71.5,18.83,7.53,7.06
34,634,2.92,41.1,0.97,2982,412,0.57,2.6,25.61,0.754,0.157,,73,17.09,9.63,7.67
18,514,,,,,,,,,,,,83.2,22.71,9.54,9.23
10,450,2.68,33.1,1.06,2877,332,0.5,4.05,24.11,1.316,0.526,0.799,74.5,21.61,13.2,10.36
2,423,2.61,32.2,0.82,1926,434,0.7,5.28,19.94,1.008,0.633,0.723,72.7,22.8,7.52,10.62
27,567.5,2.9,40,0.8,2437,492,0.8,,,,,,73.1,21.84,10.69,11.62
22,502.5,2.5,29.2,,,408,0.71,4.06,24.12,0.798,0.253,0.435,74.5,22.35,10.29,9.68
8,532.5,2.73,35.3,0.8,1594,460,0.72,4.61,23.42,1.255,0.601,0.635,77,32.86,9.86,11.58
6,606.5,2.89,39.4,0.97,2576,388,0.6,4.52,21.59,1.141,0.304,0.439,72.8,22.79,10.06,9.15
42,590,2.76,36.1,0.99,2021,370,0.58,4.89,21.45,0.893,0.399,0.057,75.7,18.95,9.42,7.94
24,442.5,2.76,36.3,0.94,2949,426,0.56,3.63,23.22,0.873,0.289,0.364,73,16.95,10.89,9.95
32,448,2.77,36.1,0.93,3013,392,0.59,5.72,22.67,0.636,0.425,0.121,73.9,17.17,8.59,8.03
37,441,2.63,32.5,1.06,3212,324,0.46,3.71,22.87,0.788,0.151,0.231,71.3,16.51,7.5,8.31
5,524,2.78,36,0.94,2410,382,0.56,4.17,24.96,1.028,0.095,0.473,72.1,24.07,7.36,10.16
39,446.5,,,,,,,,,,,,,,,
24,440,,,,,,,,,,,,,,,
25,291.5,,,,,,,,,,,,,,,
12,446.5,,,,,,,,,,,,,,,
1,396.5,,,,,,,,,,,,,,,
2,454.5,,,,,,,,,,,,,,,
11,518.5,,,,,,,,,,,,,,,
19,348,,,,,,,,,,,,,,,
4,577.5,,,,,,,2.05,25.92,0.959,0.524,0.369,76.1,17.73,9.33,8.21
43,564,,,,,,,,,,,,86.2,19.71,,9.8
30,377.5,,,,,,,2.06,25.56,0.823,0.18,0.239,75.1,20.03,5.9,6.09
39,418,,,,,,,5.24,20.96,0.93,0.238,0.547,77.6,20.02,8.6,10.03
3,486,,,,,,,4.84,22.9,1.31,0.597,0.686,73.6,20.49,9.35,8.72
20,596.5,,,,,,,4.73,25.12,0.782,0.039,0.145,,18.99,7.43,8.39
5,517.5,,,,,,,4.94,25.37,1.051,0.304,0.425,76.8,25.62,7.68,10.19
25,305,,,,,,,5.87,18.9,0.998,0.635,0.554,,,,
41,446,,,,,,,,,,,,,,,
26,387.5,,,,,,,,,,,,,,,
49,470.5,,,,,,,,,,,,,,,
11,460,,,,,,,6.07,19.15,1.172,0.476,0.286,83.3,24.58,9.4,8.73
34,607,,,,,,,5.61,20.46,0.813,0.398,0.108,77.2,20.55,8.27,8.44
16,502,,,,,,,2.98,25.17,1.207,0.363,0.59,77.7,23.38,8.81,11.7
14,546,,,,,,,3.34,22.55,0.828,0.05,0.344,78.1,19.31,9.97,9.85
8,506,,,,,,,4.69,21.7,1.233,0.413,0.492,77,32.14,9.74,11.24
27,550,,,,,,,4.8,20.97,1.129,0.528,0.543,66.7,19.13,8.32,8.29
21,585.5,,,,,,,2.3,25.78,1.139,0.83,0.606,67.4,25.25,11.27,15.97
32,413,,,,,,,4.85,21.64,0.757,0.392,0.265,74.4,16.54,7.49,7.16
36,,,,,,,,3.09,25.51,1.119,0.64,0.602,73.3,20.6,12.91,11.1
23,594.5,,,,,,,3.43,22.55,0.931,0.175,0.403,77.5,17.33,6.39,8.3
29,438,,,,,,,,,,,,,,,
28,410,,,,,,,4.68,21.41,0.972,0.472,0.459,70.5,24.46,9.06,8.61
18,545,,,,,,,6.24,19.78,1.167,0.357,0.535,82.2,23.27,10.96,10.84
15,601,,,,,,,3.47,23.42,1.28,0.569,0.507,78.4,17.49,7.82,8.67
22,474.5,,,,,,,3.43,25.66,0.723,0.261,0.408,71.9,23.96,8.43,10.63
33,436.5,,,,,,,2.43,24.6,0.91,0.148,0.283,81.8,21.37,11.68,8.48
35,441.5,,,,,,,,,,,,,,,
24,444,,,,,,,2.4,23.84,0.832,0.317,0.409,75.1,18.86,9.05,12.79
31,503,,,,,,,5.63,20.61,0.817,0.166,0.232,79.4,22.13,9.12,7.83
9,550.5,,,,,,,,,0.804,0.255,0.527,68.8,20.22,10.14,8.68
6,596,,,,,,,5.02,22.44,0.875,0.21,0.116,,21.04,8.93,7.74
2,383,,,,,,,5.75,19.42,1.028,0.29,0.436,76.8,19.28,8.54,8.14
10,367,,,,,,,3.7,22.19,1.322,0.54,0.736,74,21.77,12.17,10.29
38,,,,,,,,4.73,21.16,1.213,0.411,0.257,79.5,17.58,8.37,7.71
1,403.5,,,,,,,4.75,23.27,0.744,0.232,0.161,67.2,20.44,10.77,9.24
40,245,,,,,,,,,,,,,,,
7,546,,,,,,,4.66,21.94,1.103,0.028,0.026,80.6,20.54,9.04,7.54
19,321,,,,,,,5.96,20.76,0.801,0.329,0.488,71.8,19.35,6.94,9.59
37,407.5,,,,,,,,,,,,71.3,18.17,7.34,8.15
12,457.5,,,,,,,2.89,23.44,1.029,0.25,0.158,77.5,20.51,9.48,7.02
17,486.5,,,,,,,5.62,21.26,0.84,0.526,0.701,77.5,19.49,10.53,11.25
42,568,,,,,,,,,,,,76.7,22.46,8.36,7.97
20,,2.86,38.9,1.38,3434,292,0.47,,,,,,,,,
3,,2.71,35.2,0.91,,398,0.59,,,,,,,,,
39,452,,37.7,1.01,2864,344,0.57,,,,,,,,,
4,,2.68,34.6,1.03,2399,342,0.53,,,,,,,,,
43,,2.47,28.4,0.75,1832,462,0.67,,,,,,,,,
30,378.5,2.82,38.4,1.07,2622,356,0.57,,,,,,,,,
10,439,2.73,34.7,1.16,3045,314,0.46,,,,,,,,,
21,,2.73,35.8,1.07,2499,338,0.47,,,,,,,,,
19,,2.63,32.6,0.8,1798,474,0.72,,,,,,,,,
9,,2.78,37,0.89,2686,414,0.63,,,,,,,,,
22,,2.57,31,0.8,2090,450,0.72,,,,,,,,,
6,605,2.89,39.1,0.91,2495,416,0.6,,,,,,,,,
35,,2.86,39.8,1.28,2970,306,0.41,,,,,,,,,
5,,2.84,37.7,0.98,2453,376,0.6,,,,,,,,,
8,,2.76,36.7,0.73,1216,486,0.7,,,,,,,,,
31,,2.92,40.5,0.85,2210,452,0.71,,,,,,,,,
7,,2.55,30.4,0.82,2074,402,0.69,,,,,,,,,
27,,2.91,40.6,0.79,2504,492,0.79,,,,,,,,,
17,,2.93,41.2,1.07,2901,388,0.52,,,,,,,,,
41,,2.55,31,0.73,1788,462,0.75,,,,,,,,,
1,413.5,2.72,35.4,1.33,,260,0.36,,,,,,,,,
15,,2.8,37.8,0.64,2564,524,0.99,,,,,,,,,
36,,2.75,36.6,1.19,2546,310,0.47,,,,,,,,,
14,,2.88,39.7,0.95,2279,412,0.6,,,,,,,,,
42,,2.81,37.8,0.99,1905,360,0.62,,,,,,,,,
24,,2.67,34.1,1.01,2971,362,0.57,,,,,,,,,
40,286.5,2.78,35.6,0.86,2096,396,0.58,,,,,,,,,
37,419,2.68,34,1.05,3087,344,0.51,,,,,,,,,
12,,2.81,37.9,0.99,2188,386,0.57,,,,,,,,,
28,,2.74,36.3,0.91,2643,430,0.59,,,,,,,,,
34,611,2.95,41.8,0.97,2862,430,0.61,,,,,,,,,
18,,2.68,34.4,0.84,2505,444,0.62,,,,,,,,,
33,,2.73,35.6,0.94,2061,392,0.6,,,,,,,,,
49,,2.5,28.3,0.64,2827,496,0.92,,,,,,,,,
32,441.5,2.94,41.8,0.98,3137,398,0.55,,,,,,,,,
38,,2.82,38.3,0.98,2602,366,0.54,,,,,,,,,
2,401.5,2.7,34.9,1.01,2244,364,0.58,,,,,,,,,
11,,2.78,36.4,0.85,2715,460,0.76,,,,,,,,,
25,,2.5,28.4,0.76,2465,430,0.73,,,,,,,,,
23,625,2.91,40.9,0.81,2563,474,0.74,,,,,,,,,
39,478,,,,,,,,,,,,79.8,21.34,9.15,8.87
30,457,,,,,,,3.81,23.88,0.854,0.2,0.13,77.9,21.67,6.59,5.86
3,452,,,,,,,6.67,20.05,1.308,0.367,0.639,76.1,20.15,8.49,8.31
43,558.5,,,,,,,4.88,22.33,0.908,0.439,0.31,85.6,22.4,,10.86
4,631.5,,,,,,,4.42,24.19,1.026,0.411,0.396,76.6,17.36,7.62,6.67
42,555.5,,,,,,,,,,,,74.3,20.17,9.6,8.73
17,535.5,,,,,,,5.81,21.32,0.923,0.507,0.659,78,24.15,,12.46
40,278,,,,,,,,,,,,82.9,21.79,9.94,11.65
2,,,,,,,,6.28,20.31,1.032,0.103,0.407,74.7,19.52,8.52,7.97
18,496.5,,,,,,,,,,,,79.7,20.25,9.09,9.83
22,491,,,,,,,3.14,25.07,0.711,0.218,0.367,69.3,22.48,8.82,9.81
9,550,,,,,,,5.56,24.18,0.895,0.408,0.415,71.5,22,10.1,8.29
10,442,,,,,,,3.82,25.4,1.315,0.459,0.707,74,23.1,11.43,10.22
38,470,,,,,,,4.98,21.96,1.236,0.292,0.2,77.9,16.91,9.38,7.21
23,626,,,,,,,5.6,19.99,0.881,0.123,0.55,80.1,19.1,6.25,7.6
27,450,,,,,,,4.43,24.01,1.077,0.416,0.211,75.1,18.48,8.83,8.45
37,418,,,,,,,,,,,,72.3,17.7,8.68,8.27
13,418,,,,,,,,,,,,,,,
1,404.5,,,,,,,,,,,,70.9,21.65,10.96,8.72
35,,,,,,,,4.46,25.03,0.929,0.482,0.525,82.2,21.21,11.14,10.46
12,453,,,,,,,,,,,,77,21.76,8.7,8.9
14,503.5,,,,,,,2.76,25.47,0.61,0.16,,80.7,21.03,13.06,9.88
34,674,,,,,,,4.54,23.84,0.688,0.202,,76.2,18.35,9.91,8.23
33,460,,,,,,,4.18,21.93,0.833,0.307,0.311,77.6,19.98,10.89,7.88
8,549,,,,,,,3.53,23.79,1.007,0.483,0.44,81.5,26.23,9.32,10.3
41,399,,,,,,,,,,,,,,,
5,473.5,,,,,,,4.52,24.68,0.923,0.072,0.252,77.4,26.13,8.2,10.85
6,600,,,,,,,4.31,23.73,1.046,0.387,0.376,,22.38,9.15,10.25
26,448.5,3.01,43.6,0.74,2181,566,0.87,5.56,22.14,0.818,0.416,0.622,82.7,18.65,7.27,9.71
7,544,,,,,,,4.75,23.81,0.99,0.028,0.104,75,21.43,7.84,8.39
31,361.5,,,,,,,4.42,22.94,0.992,0.168,0.238,80.4,19.3,8.23,6.99
11,482.5,,,,,,,6.08,23.4,1.087,0.373,0.142,80.7,24.64,10.5,8.24
16,490.5,,,,,,,3.44,26.05,1.118,0.417,0.496,77.7,20.84,8.02,8.49
19,388,,,,,,,4.99,23.72,0.816,0.262,0.443,69.2,20.17,7.77,10.9
21,552.5,,,,,,,2.76,25.18,0.998,0.736,0.564,76.7,24.05,10.71,12.92
36,,,,,,,,,,,,,76.4,23.33,15.25,10.6
28,458.5,,,,,,,4.95,21.89,0.855,0.077,0.248,73.6,23.47,8.19,7.09
32,418.5,,,,,,,4.6,23.35,0.705,0.438,0.069,73.3,16.98,8.54,7.48
25,382.5,,,,,,,2.39,,0.914,0.142,0.4,,,,
3,467.5,2.68,34.2,0.93,2392,390,0.56,,,,,,,,,
30,,2.86,39.4,1.03,2866,356,0.55,,,,,,,,,
20,569.5,2.8,37.1,1.29,3427,320,0.44,,,,,,,,,
4,,2.8,37.2,1.05,,352,0.49,,,,,,,,,
39,,2.77,36.1,1.01,3046,362,0.58,,,,,,,,,
43,,2.43,26.9,0.73,1903,456,0.66,,,,,,,,,
8,,2.71,34.7,0.72,1321,470,0.76,,,,,,,,,
17,,2.88,39.2,0.91,2523,440,0.64,,,,,,,,,
5,533.5,2.86,38.9,0.98,2497,374,0.57,,,,,,,,,
41,422,2.51,29.4,0.77,1851,458,0.67,,,,,,,,,
38,,2.93,41.3,0.97,2515,370,0.6,,,,,,,,,
27,,2.9,39.2,0.82,2551,476,0.78,,,,,,,,,
49,494,2.59,30.7,0.6,2780,522,1,,,,,,,,,
2,382.5,2.72,35.2,1.04,2130,354,0.53,,,,,,,,,
18,,2.65,32.7,0.75,2284,444,0.65,,,,,,,,,
34,,2.95,42,1.01,2857,406,0.61,,,,,,,,,
28,,2.76,36.6,,2535,380,0.57,,,,,,,,,
9,,2.81,37.1,0.88,2516,426,0.63,,,,,,,,,
14,,2.88,39.8,1,2294,384,0.59,,,,,,,,,
22,,2.55,30.4,0.81,2041,450,0.7,,,,,,,,,
42,539.5,2.78,36.9,0.94,1930,380,0.59,,,,,,,,,
11,,2.83,37.8,0.89,2780,438,0.73,,,,,,,,,
36,,2.68,34.3,1.14,2403,304,0.49,,,,,,,,,
16,507.5,2.82,37.2,1.05,2653,328,0.58,,,,,,,,,
35,,2.88,40.2,1.25,3017,322,0.46,,,,,,,,,
40,,2.66,32.9,0.89,2083,374,0.72,,,,,,,,,
25,,2.49,28.5,0.77,2355,436,0.65,,,,,,,,,
24,,2.72,35.2,0.85,2521,446,0.58,,,,,,,,,
31,465.5,3.01,43.1,0.82,2190,498,0.72,,,,,,,,,
19,,2.69,34.7,0.92,2000,404,0.59,,,,,,,,,
23,,2.93,41,0.8,2773,478,0.73,,,,,,,,,
10,,2.77,35.9,1.14,3187,314,0.45,,,,,,,,,
12,,2.77,36.5,0.97,2142,392,0.57,,,,,,,,,
37,,2.76,36.2,1.21,3336,316,0.55,,,,,,,,,
33,,2.72,35.3,0.84,1928,440,0.68,,,,,,,,,
7,,2.55,29.8,0.82,1969,394,0.6,,,,,,,,,
6,632,2.93,40.9,1.2,3464,320,0.6,,,,,,,,,
32,,2.87,39.2,0.92,2997,412,0.59,,,,,,,,,
30,489.5,,,,,,,4.59,21.83,0.933,0.165,0.049,75.7,19.15,6.76,7
43,579.5,,,,,,,,,1.055,0.5,0.494,84,24.02,10.83,9.8
39,498,,,,,,,3.81,23.05,0.897,0.358,0.577,78.1,18.72,8.15,9.15
3,487,,,,,,,6.51,20.08,1.289,0.363,0.511,73.6,22.14,8.92,8.94
20,571,,,,,,,5.26,23.57,,0.2,0.116,80,18.58,,6.62
4,648,,,,,,,4.88,21.3,1.165,0.394,0.31,76.6,17.14,7.31,7.33
37,436,,,,,,,1.86,25.08,0.805,0.175,0.176,70.8,17.59,8.5,8.98
11,507.5,,,,,,,4.03,23.29,1.024,0.269,,82.8,22.92,9.73,8.42
31,496,,,,,,,5.17,21.98,1.046,0.256,0.329,78.9,21.98,8.89,6.95
17,521.5,,,,,,,,,,,,79,20.63,9.08,10.61
9,531,,,,,,,3.96,25.13,0.908,0.295,0.383,,,,
23,651,,,,,,,,,,,,82.7,18.29,6.7,8.04
2,440.5,,,,,,,6.78,19.31,1.112,0.404,0.64,77.8,20.01,7.95,9.67
5,561.5,,,,,,,,,,,,74.7,27.23,8.09,10.1
32,424,,,,,,,,,,,,74.4,17.16,8.46,8.21
40,207.5,,,,,,,,,1.104,0.463,0.539,,,,
41,440.5,,,,,,,4.94,19.89,1.044,0.327,0.745,73.5,28.41,10.95,10.56
7,534,,,,,,,6.43,20.83,1.052,,0.14,77.6,21.41,8.46,8.26
26,475,,,,,,,,,,,,77.8,18.11,6.92,9.57
42,,,,,,,,6.4,19.15,0.907,0.663,0.39,,,,
24,477,,,,,,,,,,,,74.1,18.78,9.66,12.92
49,493.5,,,,,,,,,,,,,,,
6,620,,,,,,,,,,,,73.8,22.95,9.44,9.73
22,504,,,,,,,4.61,22.73,0.857,0.25,0.408,74,22.9,8.55,8.71
33,438,,,,,,,3.63,23.22,0.812,0.34,0.32,,,,
21,556,,,,,,,3.8,23.31,1.19,0.984,0.703,69.4,23.37,9.17,13
27,390,,,,,,,,,,,,70.6,18.29,8.15,9.44
18,546,,,,,,,6.22,20.91,1.082,0.122,0.323,76.1,20.71,10.39,10.38
34,662.5,,,,,,,,,,,,75.7,19.77,8.87,7.79
28,446,,,,,,,6.49,18.62,0.974,0.255,0.388,69.9,22.3,7.99,7.15
36,,,,,,,,3.47,24.87,1.196,0.643,0.567,71.8,22.75,12.86,11.41
8,514,,,,,,,,,,,,80.5,29.19,10.82,11.65
35,,,,,,,,4.35,23.52,0.977,0.377,0.605,80.7,22.1,11.11,10.53
29,494.5,,,,,,,,,,,,,,,
12,453,,,,,,,4.27,22.87,1.091,0.269,0.274,74,20.1,8.24,8.52
25,360.5,,,,,,,2.65,21.17,0.815,,0.445,73.7,21.84,8.68,8.76
1,406,,,,,,,4.45,22.38,0.785,0.355,0.143,,,,
14,521.5,,,,,,,4.16,22.92,0.627,0.026,0.103,79.7,19.13,11.07,9.47
19,362,,,,,,,4.99,21.49,0.911,0.458,0.58,74.4,19.08,8.04,10.57
10,386.5,,,,,,,3.31,23.06,1.241,0.633,0.842,78.5,21.48,12.93,10.44
38,523,,,,,,,6.08,20.46,1.298,0.316,0.373,77.9,17.3,8.66,7.91
43,,2.5,29.3,0.76,1906,456,0.71,,,,,,,,,
39,,,37,0.95,2808,390,0.57,,,,,,,,,
4,,2.81,37.6,1.02,2355,366,0.55,,,,,,,,,
20,,2.88,39.8,1.49,,280,0.36,,,,,,,,,
34,,2.94,41.5,1.07,3114,382,0.62,,,,,,,,,
31,,2.99,42.7,0.84,2436,490,0.75,,,,,,,,,
2,,2.81,38,,2228,350,0.52,,,,,,,,,
19,,2.56,30.9,1.03,2132,348,0.69,,,,,,,,,
32,,2.91,40.8,0.94,3043,424,0.59,,,,,,,,,
38,,2.88,39.7,0.99,2552,378,0.59,,,,,,,,,
36,,2.75,36.2,1.2,2471,304,0.47,,,,,,,,,
10,386,2.77,35.4,1.13,3164,330,0.46,,,,,,,,,
33,,2.76,36.6,0.92,1929,388,0.61,,,,,,,,,
26,,2.88,39.8,0.78,2206,524,0.8,,,,,,,,,
14,,2.92,41.1,0.99,2409,398,0.57,,,,,,,,,
12,,2.83,38.1,0.93,2182,428,0.59,,,,,,,,,
7,550,2.68,33.3,0.89,2103,378,0.59,,,,,,,,,
42,530,2.91,40.5,0.92,1741,414,0.64,,,,,,,,,
22,,2.59,31.4,,2118,430,0.7,,,,,,,,,
29,466.5,3.2,49.2,1.05,,410,0.77,,,,,,,,,
28,,2.74,35.9,0.88,2500,404,0.65,,,,,,,,,
40,255.5,2.86,38.1,0.8,1982,448,0.71,,,,,,,,,
41,,2.51,27.5,0.85,1898,406,0.65,,,,,,,,,
35,,2.93,41.8,1.36,3188,296,0.39,,,,,,,,,
23,,2.91,40.5,0.83,2664,460,0.72,,,,,,,,,
17,,3,43.2,1.13,2727,380,0.54,,,,,,,,,
6,,2.97,41.5,1.09,2898,362,0.54,,,,,,,,,
8,,2.73,34.8,0.76,1309,466,0.72,,,,,,,,,
37,,2.79,36.8,1.27,3405,294,0.53,,,,,,,,,
18,,2.84,39,0.97,2701,408,0.59,,,,,,,,,
21,,2.72,35.2,1.08,2565,324,0.56,,,,,,,,,
27,505.5,2.87,39,0.83,2655,466,0.67,,,,,,,,,
9,515.5,2.8,37.2,0.93,2549,420,0.62,,,,,,,,,
49,,2.49,28.1,0.6,2898,522,0.85,,,,,,,,,
11,,2.94,41.6,0.98,2951,404,0.61,,,,,,,,,
24,,2.74,36.3,0.97,2974,394,0.53,,,,,,,,,
1,,2.68,34.2,,,260,0.35,,,,,,,,,
4,531,2.89,39.9,1.06,2292,360,0.58,4.22,24.88,1.293,0.509,0.204,78.2,16.64,7,7.44
9,546,2.86,39,0.88,2656,456,0.67,4.9,24.9,1.061,0.499,0.685,76.3,21.31,8.44,10.23
10,394,,,,,,,4.2,23.97,1.175,0.402,0.406,80,15.48,9.26,
38,,,,,,,,4.25,24.04,1.493,0.768,0.437,,,,
11,,,,,,,,,,,,,75.5,27.7,13.98,9.82
49,497,2.65,31.9,0.57,2831,582,0.95,,,,,,73.8,14.28,7.09,6.44
2,422,2.74,36.2,0.83,2087,456,0.69,6.24,22.38,1.007,0.266,0.514,77.8,19.25,6.66,9.36
44,,2.92,40.7,,1786,432,0.76,6.17,21.96,1.024,0.162,0.177,,15.87,6.72,6.75
45,,2.95,41.6,0.76,1755,550,0.8,5.69,22.15,1.014,0.372,0.312,85.4,,,8.46
34,,,,,,,,2.49,27.21,1.006,0.276,0.231,,,,
46,,3.34,55,0.77,2169,556,0.9,5.62,22.32,1.078,0.07,0.576,83.2,21.07,6.05,7.73
1,,,,,,,,4.77,23.69,0.721,0.151,0.332,,,,
18,538.5,,,,,,,4.1,24.88,1.051,0.552,0.554,,,,
12,,,,,,,,4.41,24.79,1.104,0.544,0.319,,,,
32,,,,,,,,4.02,25.25,0.954,0.337,0.214,80.6,17.09,7.52,6.89
27,405,2.98,42.2,0.84,2529,480,0.71,3.14,25.44,1.132,0.422,0.522,70.1,20.96,8.34,9.03
48,,3.06,45.2,0.68,1940,584,0.85,,,,,,,,6.41,10.97
42,517.5,2.91,40.9,1.06,2461,348,0.56,3.48,25.74,1.031,0.198,0.185,,18.22,8.34,9.99
47,,3.06,45.4,0.78,1849,506,0.78,5.6,24.02,1.18,0.601,0.507,80.2,19.86,7.45,8.74
19,449.5,2.69,34.6,0.75,1772,506,0.78,4.58,25.06,0.844,0.211,0.171,69.2,13.97,7.25,8.07
26,449.5,3.03,44.3,0.72,2055,588,,4.79,25.24,0.874,0.292,0.234,80,18.8,6.7,8.85
15,,,,,,,,5.78,21.96,1.51,0.825,0.794,78.9,17.77,8.85,9.28
40,,,,,,,,3.66,25.36,1.265,0.841,0.693,78.9,22.3,10.14,9.47
5,435,,,,,,,4.48,23.65,1.141,0.398,0.649,76.8,25.65,7.56,10.79
7,496,2.68,33.8,0.82,1925,426,0.69,5.22,23.69,1.063,0.086,0.42,,18.84,6.88,9.16
14,545,,,,,,,3.58,25.64,0.749,0.228,0.278,,,,
8,575.5,2.88,39.6,0.84,1523,436,0.64,3.78,25,0.964,0.548,0.473,79.5,25.65,11.84,9.92
29,435,3.13,47.8,0.92,2045,462,0.7,4.02,26.6,0.92,0.199,0.363,79.3,19.36,6.49,7.44
17,418.5,3.07,45.6,1.14,2904,382,0.56,3.04,26.75,0.677,0.389,0.368,,,,
25,,,,,,,,4.9,21.65,0.672,0.221,0.133,,,,
21,,,,,,,,2.64,25.43,1.259,0.606,0.653,,,,
6,,2.92,40.2,1.27,3764,318,0.45,5.32,22.86,0.908,0.419,0.572,83.6,21.94,7.42,12.69
31,489,2.76,36.1,0.75,2075,524,0.79,2.97,27.31,0.975,0.623,0.491,77.9,21.85,10.54,8.35
28,,2.74,35.9,0.81,2181,452,0.7,4.71,24.55,1.021,0.498,0.605,,21.94,8.63,11.04
16,,,,,,,,3.48,25.47,0.981,0.484,0.446,,,,
4,499,,,,,,,,,,,,,,,
2,435,,,,,,,,,,,,,,,
49,494.5,,,,,,,,,,,,,,,
26,436.5,,,,,,,,,,,,,,,
44,502,,,,,,,,,,,,,,,
42,547.5,,,,,,,,,,,,,,,
46,392,,,,,,,,,,,,,,,
11,398.5,,,,,,,,,,,,,,,
28,418.5,,,,,,,,,,,,,,,
17,483.5,,,,,,,,,,,,,,,
8,568.5,,,,,,,,,,,,,,,
31,445.5,,,,,,,,,,,,,,,
40,309,,,,,,,,,,,,,,,
29,352,,,,,,,,,,,,,,,
7,546,,,,,,,,,,,,,,,
9,532,,,,,,,,,,,,,,,
10,448.5,,,,,,,,,,,,,,,
27,365,,,,,,,,,,,,,,,
19,348,,,,,,,,,,,,,,,
4,529,2.89,40.6,1.08,2359,358,0.56,6.61,20.85,1.076,0.335,0.488,,,,
28,402,2.75,36.4,0.77,2204,470,0.8,6.34,21.28,0.898,0.308,0.579,,,,
6,581,2.9,40.1,1.27,3722,310,0.51,2.23,25.5,0.979,0.576,0.731,,,,
11,404,,,,,,,,,,,,,,,
23,665,2.99,42.4,0.86,3271,462,0.67,6.16,19.37,0.87,0.156,0.236,,,,
19,411,2.78,37.3,0.81,1947,492,0.74,4.99,23.52,0.925,0.427,0.197,,,,
38,550,3.03,43.9,1.08,2723,354,0.55,5.62,22.55,1.383,0.69,0.492,,,,
27,495,2.93,40.7,0.8,2515,512,0.84,4.91,22.98,1.2,0.547,0.435,,,,
8,582.5,2.95,41.8,,1574,386,0.6,3.95,24.57,0.893,0.67,0.339,,,,
21,596.5,2.8,37.6,1.11,2546,334,0.5,5.46,20.9,1.137,0.891,0.825,,,,
2,412.5,2.77,36.5,0.84,2127,444,0.68,5.06,23.91,0.903,0.215,0.417,,,,
18,548,2.91,40.7,0.75,2428,546,0.87,6.26,21.16,1.041,0.467,0.644,,,,
41,397,2.61,32.1,,1811,420,0.66,3.59,24,1.036,,0.681,,,,
25,390.5,,,,,,,6.6,18.4,0.626,0.31,0.091,,,,
40,303,2.93,40.6,0.82,1996,464,0.82,6.46,22.37,1.153,0.698,0.526,,,,
15,527.5,2.78,36.6,0.65,2523,526,0.97,,21.31,1.302,0.81,1.025,,,,
29,400,3.16,47.9,0.89,1960,480,0.75,,,,,,,,,
24,477.5,2.89,40.4,1.12,3044,378,0.59,6.77,21.8,0.858,,0.747,,,,
14,559,3.3,52.9,1.16,,370,0.58,,21.6,0.838,0.521,,,,,
45,,,,,,,,6.57,20.84,1.189,0.324,0.558,,,,
26,437,3,43,0.79,2056,532,0.84,5.02,24.21,0.717,0.311,0.294,,,,
9,542,2.91,40.8,0.92,2779,448,0.66,6.49,,0.633,0.156,0.056,,,,
35,,2.91,40.9,1.13,2589,356,0.53,4.21,24.57,0.83,0.489,0.339,,,,
17,465,,,,,,,,,,,,,,,
10,441,,,,,,,,,,,,,,,
7,526,,,,,,,,,,,,,,,
31,514.5,2.92,40.8,0.76,2097,548,0.79,4.91,24.29,1.081,0.746,0.604,,,,
32,427.5,3,43,1.01,3034,386,0.6,4.57,22.9,0.689,0.421,0.408,,,,
33,395,,,,,,,,,,,,,,,
48,468.5,2.9,40.2,0.65,1743,560,0.87,6.82,20.55,1,0.419,0.361,,,,
42,497,2.92,41.1,1.15,2106,336,0.59,5.6,20.98,0.788,0.258,0.179,,,,
12,444,2.78,37.1,0.92,2072,410,0.57,4.89,22.58,1.257,,0.573,,,,
47,,3.08,45.8,0.79,1939,500,0.75,5.49,22.29,1.144,0.342,0.335,,,,
37,,2.77,36.3,0.94,2881,426,0.59,4.42,22.99,0.958,0.484,0.304,,,,
34,613,2.95,42,1.03,2840,402,0.64,4.03,24.92,0.925,0.11,0.17,,,,
1,385,2.83,38.2,0.92,2363,400,,4.12,23.98,0.912,0.266,0.245,,,,
44,,2.94,41.9,0.85,1772,444,0.77,6.27,20.78,0.962,0.156,0.144,,,,
49,412,,,,,,,,,,,,,,,
36,,2.78,37.3,1.31,2745,280,0.42,5.04,22.27,1.15,0.666,0.28,,,,
16,525.5,2.95,41.1,0.95,2719,408,0.65,4.94,24.25,0.973,0.507,0.336,,,,
46,414.5,3.3,53,0.8,2247,538,0.83,6.55,21.41,1.122,0.01,0.321,,,,
13,,,,,,,,5.19,24.2,0.874,0.175,0.306,,,,
4,543,,,,,,,,,,,,,,,
26,398,,,,,,,,,,,,,,,
13,322.5,,,,,,,,,,,,,,,
32,423,,,,,,,,,,,,,,,
46,456.5,,,,,,,,,,,,,,,
1,407,,,,,,,,,,,,,,,
34,630.5,,,,,,,,,,,,,,,
12,480,,,,,,,,,,,,,,,
44,417.5,,,,,,,,,,,,,,,
18,573.5,,,,,,,,,,,,,,,
14,525,,,,,,,,,,,,,,,
25,389.5,,,,,,,,,,,,,,,
7,525.5,,,,,,,,,,,,,,,
10,446,,,,,,,,,,,,,,,
40,334.5,,,,,,,,,,,,,,,
11,489,,,,,,,,,,,,,,,
42,527,,,,,,,,,,,,,,,
38,550,,,,,,,,,,,,,,,
9,529.5,,,,,,,,,,,,,,,
21,559,,,,,,,,,,,,,,,
24,442,,,,,,,,,,,,,,,
6,597,,,,,,,,,,,,,,,
19,383.5,,,,,,,,,,,,,,,
28,419,,,,,,,,,,,,,,,
49,500,,,,,,,,,,,,,,,
29,478.5,,,,,,,,,,,,,,,
8,566.5,,,,,,,,,,,,,,,
17,432,,,,,,,,,,,,,,,
23,617.5,,,,,,,,,,,,,,,
27,499,,,,,,,,,,,,,,,
33,429,,,,,,,,,,,,,,,
4,536,2.88,39.7,0.99,2150,410,0.65,3.56,27.76,1.103,0.553,0.709,74.1,14.46,8.38,7.09
32,425,2.89,39.7,0.87,2898,420,0.63,3.04,27.45,0.64,0.47,0.214,75.6,,7.38,5.84
35,,2.86,39.7,1.1,2635,370,0.52,2.64,26.58,0.974,,0.537,81.2,21.69,10.45,9.73
33,372.5,,,,,,,,,,,,82.3,24.31,12.3,9.31
6,663,2.93,41,1.22,3578,330,0.47,3.7,26.95,0.605,0.279,0.337,79.5,20.61,,9.09
34,650,,,1.06,2899,400,0.63,2.7,28.34,0.564,0.267,0.189,73,15.27,9.36,6.77
44,453,,,0.8,1647,466,0.89,4.09,25.95,0.764,,0.116,77.2,,9.84,7.3
8,517.5,2.82,38.4,0.87,1502,428,0.63,3.78,26.51,0.944,0.605,0.412,70.5,22.47,11.13,8.79
46,452.5,3.19,49.4,0.77,2033,504,0.91,3.94,25.12,1.103,0.673,0.552,78.8,14.44,,7.86
18,557,2.88,39.9,0.83,2473,486,0.71,4.06,26,0.897,0.201,0.009,,,,
37,,2.72,35,1.06,3063,354,0.49,3.53,24.58,0.531,0.398,,72.8,12.57,7,5.9
49,501,,,,,,,,,,,,,,,
10,459,,,,,,,,,,,,,,,
16,507.5,,,,,,,4.63,23.53,0.657,0.334,0.181,78.7,20.97,9.83,9.44
2,512.5,2.82,37.9,0.87,2158,430,0.69,4.54,24.94,0.861,0.403,0.426,75.8,16.5,,6.91
24,506,2.88,39.5,1,3020,418,0.71,2.83,26.54,0.93,,0.517,76.8,17.56,8.73,7.93
19,375.5,2.64,33.5,0.72,1689,498,0.89,2.92,27.85,1,0.435,0.456,67.7,17.42,9.32,9.42
48,457.5,3.03,44.3,0.69,1977,556,,3.59,26.03,1.044,0.46,0.245,74,14.25,9.56,6.74
27,451.5,2.93,40.1,0.81,2615,468,0.74,3.36,27.31,1.073,0.552,0.191,66.7,14.45,10.62,6.38
29,469.5,3.2,50,0.96,2119,458,0.69,2.81,26.98,0.806,0.157,0.351,76.4,13.95,10.16,6.29
25,437.5,,,,,,,2.72,22.98,0.797,0.269,0.124,,,,
38,520,2.96,42.4,1.08,2708,348,0.56,3.29,28.35,1.086,0.741,0.823,78.9,14.32,9.52,6.01
14,552,3.26,51.3,1.11,,382,0.57,3.43,27.67,0.428,0.535,0.317,81.3,14.16,12.24,7.74
1,389,2.81,37,0.84,2264,428,0.71,2.8,27.06,0.883,0.325,0.179,69.3,19.71,11.05,8.39
21,575,2.75,36.1,1.03,2595,358,0.53,3.5,26.3,1.074,0.718,0.426,63.2,18.78,10.33,9.45
42,530,2.91,40.9,0.98,2257,386,0.68,2.12,27.83,0.548,0.618,0.392,77.2,13.77,9.48,6.3
13,,,,,,,,,,,,,75,16.79,10.76,8.95
12,444,2.8,37.3,0.94,2186,424,0.6,2.97,26.53,0.792,0.238,,72.5,17.27,9.85,5.92
40,315.5,,,,,,,3.62,25.47,0.886,0.719,0.509,77.9,16.78,12.55,6.35
7,523,,,,,,,,,,,,,,,
28,369,2.67,34.3,0.75,2141,482,0.72,4.21,24.19,0.87,0.503,0.55,71,20.32,9.71,10.01
9,556,2.82,38.2,0.88,2699,442,0.69,3.44,26.53,0.73,0.118,0.094,70.4,15.62,8.61,6.91
11,405.5,2.81,36.9,1.05,2882,364,0.59,2.42,25.71,1.142,0.558,0.329,79.2,18.63,10.18,7.27
47,,,42,0.75,1923,502,0.83,4.54,25.53,0.852,0.501,0.158,73.8,17.69,10.97,8.46
45,,2.87,39.5,0.72,1663,558,0.79,3.99,25.95,1.113,0.709,0.456,81.5,16.13,10.67,7.34
17,455,,,,,,,3.43,26.67,0.699,0.272,0.223,80,17.73,11.99,10.07
26,443,2.94,41.3,0.79,2080,540,0.86,4.19,27.09,0.698,0.649,0.336,78.4,13.6,7.54,6.71
36,,2.76,36.6,1.28,2603,282,0.41,2.79,27.25,1.095,0.565,0.43,76.4,18.77,9.57,6.75
31,474,2.87,39.1,0.77,2184,506,0.74,3.22,28.29,0.968,0.466,0.438,74,16.3,9.65,6.83
4,555.5,,,,,,,,,,,,,,,
17,447,,,,,,,,,,,,,,,
46,460,,,,,,,,,,,,,,,
44,364.5,,,,,,,,,,,,,,,
1,408,,,,,,,,,,,,,,,
49,470,,,,,,,,,,,,,,,
10,445,,,,,,,,,,,,,,,
18,533,,,,,,,,,,,,,,,
48,494.5,,,,,,,,,,,,,,,
7,497,,,,,,,,,,,,,,,
33,365,,,,,,,,,,,,,,,
27,504,,,,,,,,,,,,,,,
9,558,,,,,,,,,,,,,,,
42,556,,,,,,,,,,,,,,,
12,428,,,,,,,,,,,,,,,
23,618.5,,,,,,,,,,,,,,,
31,440.5,,,,,,,,,,,,,,,
29,466.5,,,,,,,,,,,,,,,
40,268.5,,,,,,,,,,,,,,,
8,535,,,,,,,,,,,,,,,
24,493,,,,,,,,,,,,,,,
32,420.5,,,,,,,,,,,,,,,
11,443,,,,,,,,,,,,,,,
14,548.5,,,,,,,,,,,,,,,
19,365,,,,,,,,,,,,,,,
21,587,,,,,,,,,,,,,,,
41,387.5,,,,,,,,,,,,,,,
4,496,2.88,40,1.06,2252,360,0.64,7.09,21.34,0.953,0.355,0.357,,,,
23,657.5,,,,,,,,,,,,,,,
8,551,2.82,38.2,0.88,1653,416,0.71,5.88,22,1.101,0.943,0.533,,,,
36,,2.82,38.2,1.32,2714,282,0.4,,,,,,,,,
13,341,,,,,,,5.86,23.91,0.675,0.586,0.547,,,,
47,,,,,,,,7.79,19.42,0.896,0.223,0.08,,,,
21,549,2.77,36.5,1.17,2806,320,0.53,,,0.971,0.866,0.453,,,,
19,328.5,2.72,33.9,0.76,1845,456,0.78,6.23,22.2,0.973,0.356,0.155,,,,
45,,,,,,,,4.46,22.17,0.976,0.535,0.285,,,,
16,510,2.95,41.4,1.17,2888,322,0.57,5.87,,0.75,0.368,0.072,,,,
27,480.5,3.05,44.6,0.85,2585,492,0.73,6.82,20.94,1.083,0.463,0.138,,,,
14,537.5,3.14,48.2,1.04,2534,402,0.61,,20.27,0.558,0.489,0.211,,,,
26,441,2.94,41.4,0.79,2081,528,0.79,7.58,21.27,0.579,0.461,0.094,,,,
42,508.5,2.92,41.3,1.08,2027,358,0.57,8,20.62,0.596,0.345,0.039,,,,
32,418.5,2.92,40.4,0.94,3064,408,0.57,3.36,23.18,0.739,0.598,0.293,,,,
41,401,2.52,29.1,0.67,1752,490,0.93,,,,,,,,,
46,,,,,,,,7.85,20.32,0.906,0.461,0.435,,,,
38,540,3.1,46.7,,2778,344,0.54,7.13,20.97,1.106,0.549,0.501,,,,
28,410.5,2.77,36.6,0.86,2254,424,0.67,5.4,22.83,0.886,0.501,0.596,,,,
49,434.5,2.65,32.2,0.55,2729,646,0.97,7.05,20.92,0.854,0.512,0.26,,,,
7,516,,,,,,,,,,,,,,,
1,403.5,2.8,37.5,0.9,2294,404,0.66,5.28,22.8,0.867,0.123,0.109,,,,
33,425.5,,,,,,,,,,,,,,,
18,570.5,2.95,41.8,0.83,2392,498,0.75,,,,,,,,,
37,400.5,2.69,34.2,1.01,2868,376,0.58,,,0.769,0.208,0.103,,,,
6,,3.01,43.1,1.39,4031,298,0.43,3.72,21.42,0.713,0.561,,,,,
10,465,,,,,,,,,,,,,,,
25,388.5,2.52,29.4,0.75,2352,458,0.7,8.35,19.78,0.571,0.137,0.045,,,,
44,412,,,,,,,7.91,19.25,0.99,0.158,0.195,,,,
40,285.5,2.8,37,0.75,1868,510,0.84,6.08,,0.956,0.457,0.24,,,,
11,421.5,2.82,37.9,1.02,3005,380,0.55,8.55,18.99,0.968,0.742,0.613,,,,
31,463,2.86,39,0.73,1897,522,0.8,5.42,23.22,0.812,0.605,0.731,,,,
48,509.5,,,,,,,7.22,20.03,0.889,0.351,0.162,,,,
34,556,2.92,40.4,0.91,2458,434,0.64,4.79,23.74,0.7,0.399,0.151,,,,
24,474,2.86,39.4,0.86,2827,488,0.68,6.1,20.97,0.853,0.333,0.139,,,,
17,435,3.08,45.6,1.12,2841,392,0.61,,,0.765,0.379,0.348,,,,
2,467,2.76,36.1,0.87,2014,418,0.67,6.95,21.85,0.83,0.329,0.246,,,,
12,444,2.78,37.2,0.89,1998,440,0.62,,21,1.001,0.294,,,,,
29,482.5,3.16,48.6,0.9,1982,484,0.76,5.96,21.12,0.903,,0.189,,,,
48,432.5,,,,,,,,,,,,,,,
21,556,,,,,,,,,,,,,,,
44,399.5,,,,,,,,,,,,,,,
4,489.5,,,,,,,,,,,,,,,
14,505,,,,,,,,,,,,,,,
19,365,,,,,,,,,,,,,,,
41,388.5,,,,,,,,,,,,,,,
32,457,,,,,,,,,,,,,,,
38,530,,,,,,,,,,,,,,,
17,375,,,,,,,,,,,,,,,
28,392.5,,,,,,,,,,,,,,,
27,507.5,,,,,,,,,,,,,,,
18,552,,,,,,,,,,,,,,,
49,475.5,,,,,,,,,,,,,,,
34,621,,,,,,,,,,,,,,,
24,459,,,,,,,,,,,,,,,
33,474.5,,,,,,,,,,,,,,,
37,412,,,,,,,,,,,,,,,
12,425,,,,,,,,,,,,,,,
6,637.5,,,,,,,,,,,,,,,
26,424.5,,,,,,,,,,,,,,,
29,413.5,,,,,,,,,,,,,,,
11,429.5,,,,,,,,,,,,,,,
40,365,,,,,,,,,,,,,,,
42,555.5,,,,,,,,,,,,,,,
31,476.5,,,,,,,,,,,,,,,
9,554.5,,,,,,,,,,,,,,,
2,424,,,,,,,,,,,,,,,
1,404,,,,,,,,,,,,,,,
7,483.5,,,,,,,,,,,,,,,
8,529,,,,,,,,,,,,,,,
10,479.5,,,,,,,,,,,,,,,
16,508,,,,,,,,,,,,,,,
25,376,,,,,,,,,,,,,,,
23,641.5,,,,,,,,,,,,,,,
4,558,2.82,38.2,0.94,2127,416,0.65,4.52,25.93,0.83,0.188,0.17,76.1,14.43,8.37,7.45
45,,2.79,37.2,0.6,,660,1.03,7.61,20.49,0.985,0.57,0.559,80.5,14.85,10.96,7.68
31,465,2.88,39.6,0.64,1913,,,,,,,,72.1,17.66,10.79,8.98
38,525,3.03,44.7,1.07,2647,356,0.59,5.33,24.66,,0.698,0.643,80.5,13.56,9.16,6.56
49,507.5,2.56,29.6,0.51,2464,632,0.94,5.82,22.31,0.733,0.393,0.199,72.3,13.67,7.8,6.37
9,562.5,2.84,38.6,0.84,2591,488,0.74,5.49,24.76,0.588,0.132,,71,15.89,8.5,7.16
32,441.5,2.97,41.9,0.97,3011,396,0.63,5.95,24.64,0.67,0.593,0.211,77.8,,8.35,5.94
17,480,2.95,41.7,0.97,2546,414,0.61,3.62,26.96,0.505,0.311,0.253,,,,
18,513,2.87,39.5,0.88,2514,456,0.68,6.49,23.73,0.864,0.163,0.085,78.2,15.31,10.71,8.12
19,376,2.6,32.2,0.65,1756,550,0.96,5.9,25.82,0.961,0.335,0.306,69.7,17.23,9.32,9.3
42,503.5,2.82,38.2,0.96,1960,360,0.61,3,26.59,0.488,0.357,0.214,76.2,13.98,9.28,6.67
33,494.5,2.87,39.3,0.81,2074,486,0.72,3.59,26.19,0.926,0.547,0.431,,,,
37,425,2.65,33.4,0.9,2712,412,0.6,3.63,24.53,0.702,0.526,0.311,70.8,14.63,7.97,8.64
24,507,2.81,37.4,0.85,2828,466,0.7,5.56,24.82,0.769,0.318,0.294,71.9,19.02,10.42,9.33
12,446.5,2.73,35.2,0.89,2112,428,0.63,5.02,25.82,,0.152,,71.5,16.05,9.61,6.39
29,380.5,3.17,48.7,0.95,2044,458,0.73,2.82,29.06,0.806,0.317,0.489,,,,
16,500.5,2.93,40.8,0.98,2767,370,0.57,4.32,24.99,0.801,0.333,0.253,72.8,16.69,7.42,6.48
14,509.5,3.16,48.6,0.96,2544,434,0.69,,,,,,79.2,15.89,,8.85
41,387,,,,,,,4.18,24.87,1.009,0.33,0.575,70,21.35,9.7,8
6,585,2.87,38.7,1.24,3620,308,0.5,4.98,23.87,0.72,0.402,0.231,77.4,16.66,12.03,8.39
2,455,2.7,35.1,0.81,1930,430,0.72,4.53,26.17,,0.306,0.483,,,,
11,463.5,,,,,,,,,,,,,,,
10,439.5,,,,,,,4.28,25.91,1.216,0.726,0.725,,,,
28,433.5,2.72,35.4,0.76,2144,478,0.75,5.05,24.99,0.717,0.587,0.477,71,17.34,8.45,8.42
7,503,,,,,,,,,,,,,,,
27,506.5,2.98,42.1,0.85,2539,466,0.77,4.11,24.54,0.96,0.415,0.175,67.7,13.48,9.76,6.31
47,,3.07,45.8,0.84,1954,460,0.81,6.18,21.64,0.778,0.411,0.199,75.2,16.89,9.68,8.1
8,543.5,2.79,37.2,0.8,1537,438,0.65,5.41,25.62,0.781,0.506,0.571,,,,
40,323,2.9,39.9,0.82,2083,462,0.77,5.41,25.61,0.906,0.358,0.34,74.4,14.54,11.6,6.87
26,397.5,2.9,40.6,0.78,2064,530,0.82,4.5,26.83,0.419,0.354,0.226,73,13.23,,7.92
23,641,2.94,41.3,0.77,2852,494,0.71,,,,,,81.7,14.34,7.26,7.09
1,394.5,2.8,37.1,1.01,2666,356,0.63,3.42,27.29,0.78,0.226,0.377,67.7,17.64,9.74,8.06
44,354,2.92,40.3,0.7,1488,522,0.94,3.5,25.32,0.83,,0.1,76.7,19,8.51,9.23
46,448,3.11,46.9,0.81,1937,500,0.75,5.66,21.69,0.845,0.357,0.322,79.8,14.06,,6.85
48,521.5,2.95,41.4,0.7,1711,520,,6.15,22.15,0.742,0.374,0.188,,,,
36,,2.71,35.5,1.24,2742,286,0.42,5.11,26.1,1,0.623,0.343,72.8,16.54,9.16,6.93
5,,,,,,,,,23.43,0.853,0.096,0.111,78.9,,8.62,
22,,2.5,29,0.79,2091,474,0.71,4.88,25.04,0.808,0.371,0.284,78.1,17.1,11.68,8.99
13,,,,,,,,5.14,26.26,0.828,0.63,0.645,75,20.39,,
44,355,,,,,,,,,,,,,,,
26,404,,,,,,,,,,,,,,,
5,429.5,,,,,,,,,,,,,,,
25,367.5,,,,,,,,,,,,,,,
29,489,,,,,,,,,,,,,,,
4,591.5,,,,,,,,,,,,,,,
13,373,,,,,,,,,,,,,,,
33,485,,,,,,,,,,,,,,,
28,403.5,,,,,,,,,,,,,,,
14,528.5,,,,,,,,,,,,,,,
26,417.5,,,,,,,,,,,,,,,
29,478,,,,,,,,,,,,,,,
31,477,,,,,,,,,,,,,,,
10,465,,,,,,,,,,,,,,,
48,543.5,,,,,,,,,,,,,,,
27,537.5,,,,,,,,,,,,,,,
42,562,,,,,,,,,,,,,,,
41,406,,,,,,,,,,,,,,,
16,554,,,,,,,,,,,,,,,
12,432.5,,,,,,,,,,,,,,,
2,477,,,,,,,,,,,,,,,
1,411,,,,,,,,,,,,,,,
49,472,,,,,,,,,,,,,,,
19,429.5,,,,,,,,,,,,,,,
38,540,,,,,,,,,,,,,,,
44,507,,,,,,,,,,,,,,,
9,561,,,,,,,,,,,,,,,
40,318.5,,,,,,,,,,,,,,,
18,541,,,,,,,,,,,,,,,
23,620.5,,,,,,,,,,,,,,,
7,481,,,,,,,,,,,,,,,
32,447,,,,,,,,,,,,,,,
11,445,,,,,,,,,,,,,,,
24,561.5,,,,,,,,,,,,,,,
6,618,,,,,,,,,,,,,,,
17,425,,,,,,,,,,,,,,,
4,560,2.78,37.4,0.88,2119,418,0.66,,,,,,75.1,14.46,8.8,7.39
5,,,,,,,,,,,,,76.8,,7.99,
17,,2.84,38.5,0.95,2647,414,0.6,,,,,,81,19.34,12.41,11.08
22,,2.54,30.1,0.77,2069,496,0.72,,,,,,80.7,17.62,11.32,8.75
11,465,2.75,35.4,1,2934,370,0.67,,,,,,80.2,17.97,12.82,8.74
42,560,2.7,34.9,0.83,1768,422,0.66,,,,,,75.2,17.1,9.98,8.11
36,,2.7,35.2,1.26,2475,284,0.41,,,,,,74.9,18.83,10.2,8.35
18,567,2.78,36.8,0.81,2453,478,0.69,,,,,,78.2,18.35,10.95,9.22
38,500,2.96,42,0.97,2535,354,0.57,,,,,,80,15.77,9.45,6.83
1,398.5,2.74,35.3,0.92,2387,382,0.63,,,,,,66.7,18.47,8.99,7.72
10,371,2.71,34.1,0.97,2759,,0.58,,,,,,75,19.35,11.63,11.27
26,445.5,2.92,41,0.74,2038,542,0.84,,,,,,76.8,14.49,,7.71
33,446.5,,,,,,,,,,,,79.7,29.1,,
44,487.5,2.85,38.8,0.7,1563,514,0.82,,,,,,,18.14,8.2,8.49
19,444.5,2.61,32.1,0.67,1689,528,0.81,,,,,,69.7,19.84,,11.07
41,427,,,,,,,,,,,,74,22.51,11.4,8.86
2,482,2.66,33.6,0.78,1966,464,0.72,,,,,,75.8,17.66,,7.74
49,445,2.6,30.8,0.57,2668,592,1,,,,,,74.4,12.09,7.77,5.99
24,524,2.86,39.4,0.88,2925,456,0.73,,,,,,74.1,17.9,11.17,7.26
32,445.5,2.84,38.6,0.92,2817,396,0.65,,,,,,,,7.23,5.39
23,615.5,2.92,40.3,0.83,2991,458,0.69,,,,,,78,14.93,7.6,7.29
16,513.5,,,,,,,,,,,,,17.59,7.48,8.18
31,477,2.84,38,0.78,2123,490,0.77,,,,,,70.6,20.36,,
45,,2.83,38.7,0.64,1523,648,0.94,,,,,,75.1,16.71,10.89,7.55
7,483.5,,,,,,,,,,,,,13.74,8.93,6.17
12,452,2.79,36.6,0.9,2046,426,0.61,,,,,,71.5,15.14,8.85,6.51
35,,,,,,,,,,,,,81.2,20.19,11.2,10.01
29,424.5,3.1,46.8,0.88,1965,496,0.74,,,,,,74.5,17.38,,8.89
13,,,,,,,,,,,,,77.9,17.97,9.71,9.63
8,519,2.84,38.4,0.85,1581,420,0.73,,,,,,,,,
6,631,2.88,39.7,1.22,3482,324,,,,,,,80.5,21.22,,10.87
37,416.5,2.67,33.8,1.13,3072,336,0.46,,,,,,69.3,15.15,7.79,7.13
14,522,3.14,47.1,0.97,2457,406,0.64,,,,,,81.8,15.16,10.75,7.65
28,364.5,2.66,33.3,0.76,2049,448,0.73,,,,,,,20.04,9.29,9.06
27,450.5,2.87,38.8,0.8,2491,484,0.74,,,,,,69.7,15.87,10.05,6.59
48,538,2.83,38,0.69,1930,492,0.88,,,,,,,15.75,8.12,8.69
40,369.5,2.84,37.8,0.71,1846,504,0.91,,,,,,78.9,13.98,10.7,7.52
9,559.5,2.82,38.1,0.87,2697,452,0.66,,,,,,72.6,15.31,7.66,6.89
25,317.5,,,,,,,,,,,,,,,
47,,2.99,43.5,0.79,1935,506,0.92,,,,,,78.7,17.45,10.03,8.36
21,564.5,,,,,,,,,,,,,,,
49,489,,,,,,,,,,,,,,,
34,609,,,,,,,,,,,,,,,
10,436.5,,,,,,,,,,,,,,,
44,380,,,,,,,,,,,,,,,
38,460,,,,,,,,,,,,,,,
11,423.5,,,,,,,,,,,,,,,
4,544,,,,,,,,,,,,76.1,18.06,8.35,7.06
48,542,,,,,,,,,,,,,,,
31,413.5,,,,,,,,,,,,78.9,13.51,8.12,6.22
40,310.5,,,,,,,,,,,,76.9,14.56,9.68,7.02
8,501.5,,,,,,,,,,,,72,18.96,7.67,7.3
49,471,,,,,,,,,,,,,,,
28,381.5,,,,,,,,,,,,70.5,17.99,7.01,8.17
44,373.5,,,,,,,,,,,,79.7,18.36,7.77,7.46
5,,,,,,,,,,,,,77.9,,7.21,
9,573.5,,,,,,,,,,,,73.1,15.46,7.31,8.25
12,449,,,,,,,,,,,,77,15.35,8.01,5.9
16,513,,,,,,,,,,,,78.2,16.19,8.25,7.2
32,439.5,,,,,,,,,,,,77.2,,7.15,5.65
6,628,,,,,,,,,,,,77.4,17.68,9.06,7.14
7,481.5,,,,,,,,,,,,77.6,,5.85,5.51
35,,,,,,,,,,,,,87.6,20.21,10.72,9.57
37,427,,,,,,,,,,,,68.8,13.36,6.74,6.85
1,405.5,,,,,,,,,,,,66.1,16.36,8.11,7.45
21,572,,,,,,,,,,,,67.4,21.32,11.21,11.12
26,431.5,,,,,,,,,,,,82.7,13.82,6.73,6.81
14,537.5,,,,,,,,,,,,80.2,13.47,10.27,7.95
38,537.5,,,,,,,,,,,,,14.47,8.17,6.26
10,455,,,,,,,,,,,,76,19.74,11.59,8.84
47,,,,,,,,,,,,,77.7,20.08,8.98,8.4
46,494.5,,,,,,,,,,,,79.8,12.9,6.84,6.88
2,468.5,,,,,,,,,,,,76.3,20.1,6.83,8.88
45,,,,,,,,,,,,,84.4,16.95,,8.83
13,358.5,,,,,,,,,,,,78.4,15.21,7.66,7.17
24,555,,,,,,,,,,,,79.5,15.59,8.22,7.24
33,373,,,,,,,,,,,,,,,
29,497,,,,,,,,,,,,74.5,15.28,8.2,7.31
23,604.5,,,,,,,,,,,,80.6,14.23,6.7,7.57
27,403.5,,,,,,,,,,,,75.1,14.92,8.3,6.21
41,423.5,,,,,,,,,,,,73.5,21.65,8.47,7.41
19,372.5,,,,,,,,,,,,72.3,15.74,7.17,8.36
22,,,,,,,,,,,,,77.1,,9.71,7.04
34,625.5,,,,,,,,,,,,74.6,14.38,8.21,6.73
18,577.5,,,,,,,,,,,,77.7,16.98,8.76,9.55
25,285.5,,,,,,,,,,,,,,,
42,585,,,,,,,,,,,,78.2,13.54,7.46,7.16
11,457,,,,,,,,,,,,85.4,14.63,8.93,
4,530,2.8,37.7,0.92,2167,420,0.65,3.64,27.27,0.855,0.132,0.387,,,,
23,587.5,2.92,40.9,0.84,2925,462,0.66,,,,,,,,,
35,,2.94,41.7,1.07,2415,360,0.56,3.44,29.72,0.736,0.454,0.311,,,,
17,365,,,,,,,,,,,,,,,
47,,,49.1,0.9,1982,460,0.74,4.02,26.2,1.023,0.247,0.298,,,,
12,455,2.75,35.9,0.87,2064,430,0.64,2.91,27.92,,0.055,,,,,
38,535,2.91,40.7,0.97,2775,378,0.57,2.92,26.69,,0.468,0.573,,,,
11,420.5,2.85,38.3,1.06,2797,354,0.65,4.79,26.62,1.038,0.385,0.344,,,,
5,,,,,,,,3.13,26.59,0.799,,,,,,
16,537.5,2.84,37.8,1.07,2824,344,0.52,2.03,29.65,0.604,0.485,0.27,,,,
22,,2.54,30,0.81,2131,458,0.72,,,,,,,,,
13,,,,,,,,1.91,29.68,0.636,0.113,0.336,,,,
48,539,2.9,39.6,0.64,1852,578,0.88,,,,,,,,,
14,512.5,3.2,50,1.07,2445,394,0.69,2.89,29.01,0.594,0.311,0.289,,,,
10,432.5,2.69,33.3,0.92,2633,,0.59,,,,,,,,,
24,,2.75,36.3,0.76,2701,544,0.8,4.52,26.71,0.999,0.2,0.283,,,,
33,467,,,,,,,,,,,,,,,
27,511.5,2.84,38,0.74,2346,530,0.74,6.62,24.02,1.072,0.297,0.23,,,,
18,572.5,2.88,39.9,0.86,2464,454,0.67,7.07,23.5,0.89,0.005,0.061,,,,
28,439,2.66,33.5,0.79,2082,440,0.67,3.67,24.4,0.807,0.188,0.514,,,,
26,409.5,2.87,38.8,0.79,2093,528,0.9,1.79,27.59,0.846,0.479,0.569,,,,
9,588,2.81,37.8,0.91,2719,424,0.63,3.11,27.67,0.919,0.053,0.377,,,,
34,594,2.93,40.8,0.87,2388,,0.67,2.93,28.98,0.576,,,,,,
32,434,2.92,40.4,0.93,2779,406,0.61,2.5,25.3,0.659,0.142,,,,,
44,360.5,2.92,40.1,0.65,1467,556,1,6.4,25.81,0.901,,,,,,
41,,,,,,,,2.88,27.1,0.873,,0.353,,,,
40,299,2.89,39.6,0.81,2007,456,0.72,3.73,25.21,0.797,0.235,0.4,,,,
7,483.5,2.69,33.4,0.85,2015,418,0.66,3.18,26.24,0.903,0.042,,,,,
1,,2.79,36.5,0.91,2253,388,0.7,1.62,28.58,1.01,0.091,0.084,,,,
49,463.5,2.75,34.8,0.66,3002,524,0.89,,,,,,,,,
45,,2.87,39.5,0.68,1738,596,0.88,3.41,26.2,1.051,0.509,0.57,,,,
36,,2.79,37.7,1.21,2291,294,0.44,,,,,,,,,
42,614,2.87,39.7,1.01,1942,392,0.6,4.43,30.18,0.655,0.04,0.161,,,,
6,621.5,2.86,38.7,1.26,3352,300,0.53,3.09,30,0.775,0.315,0.396,,,,
19,391.5,2.68,33.9,0.76,1734,472,0.71,3.56,28.92,1.143,0.25,0.47,,,,
37,410.5,2.68,33.8,1.01,2897,370,0.57,,22.58,0.668,0.235,,,,,
21,589.5,2.75,36.3,1.05,2483,358,0.51,1.6,29.57,0.945,0.481,0.252,,,,
46,456.5,3.17,49.1,0.86,2164,472,0.78,1.97,27.86,0.874,0.255,0.441,,,,
29,472.5,3.18,49.4,0.93,2011,482,0.71,2.34,29.8,0.782,0.053,0.041,,,,
2,396.5,2.72,35.4,0.86,1974,402,0.8,2.93,27.66,1.127,0.554,0.692,,,,
31,512,2.86,39.1,0.71,1952,554,,2.29,29.85,0.986,0.554,0.501,,,,
8,518,2.89,40,0.75,1368,496,0.74,5.44,26.46,0.805,,0.31,,,,
4,536,2.84,38.7,0.96,2192,398,0.66,5.45,28.51,0.884,0.351,0.425,,13.84,7.6,6.54
38,540,2.92,40.8,1.04,2576,358,0.58,6.32,25.76,1.132,0.598,0.639,80,16.61,9.94,7.76
18,562,2.94,41.5,0.87,2574,458,0.67,6.38,26.42,1.134,0.403,0.494,74.1,19.92,10.13,13.07
17,475,2.97,41.9,1.11,2685,368,0.61,6.71,23.57,0.535,0.169,0.345,84.5,19.1,11.41,10.08
26,430.5,2.87,39.5,0.76,2068,526,0.81,6.15,26.73,0.703,0.602,0.393,77.8,13.32,7.6,7.37
45,,2.91,40.8,0.65,1752,610,0.85,5.85,27.52,1.062,0.533,0.476,80,15.99,11.23,7.91
25,387.5,,,,,,,5.43,21.54,0.683,0.299,0.187,,,,
27,465.5,2.98,41.9,0.89,2611,432,0.69,4.54,27.06,1.119,0.578,0.222,70.1,17.12,10.03,7.38
40,402.5,2.89,39.5,0.75,1730,454,0.88,4.4,29.28,0.854,0.372,0.332,81.4,15.99,12.64,6.78
8,528.5,2.82,37.9,0.81,1596,478,0.75,4.35,28.79,0.849,0.446,0.595,,22.35,10.47,9.35
2,506.5,2.62,32.3,0.76,1927,456,0.73,6.5,25.9,0.951,0.111,0.472,,21.05,8.46,10.14
44,372.5,2.91,40,0.74,1568,502,0.84,6.11,27.62,0.996,0.141,0.199,76.2,19.16,8.5,8.77
6,611,2.88,39.8,1.13,3418,344,0.49,5.91,27.53,0.761,0.296,0.344,80.5,20.25,13.51,8.41
22,,2.53,30,0.8,2072,480,0.71,,28.08,0.842,0.264,0.047,81.8,18.01,12.85,8.41
41,395,2.56,30.2,0.71,1742,492,0.8,5.77,27.35,1.001,0.333,0.339,75,22.01,9.89,7.65
1,397,2.84,38.5,0.84,2219,430,0.71,4.05,27.37,0.967,0.425,0.226,70.4,18.99,9.7,7.87
34,624.5,2.94,41.4,0.94,2510,438,0.68,5.87,27.35,0.691,0.081,0.174,76.7,16.16,8.97,7.64
29,475.5,3.14,47.6,0.87,1910,496,0.73,2.91,29.03,0.761,0.145,0.281,72.6,16.16,9.57,7.57
9,595.5,2.83,38.3,0.85,2762,468,0.68,5.53,28.44,0.715,0.129,0.121,72,17.12,8.3,7.72
14,499,3.28,51.8,1.09,2473,384,0.59,4.47,27.54,0.558,0.475,0.378,81.8,15.15,11.53,7.4
46,500,3.14,48.2,0.86,2104,456,0.86,5.1,28.84,1.13,0.424,0.7,80.3,14.18,9.43,7.6
47,,3.07,45.8,0.85,1999,462,0.7,5.38,27.48,1.156,0.258,0.314,76.7,19.56,8.21,
7,479,2.59,31.1,0.79,1928,428,0.65,5.09,26.45,0.783,0.166,,80.1,14.72,9.38,6.14
36,,2.69,34.8,1.2,2296,292,0.45,,27.57,1.027,0.507,0.15,75.4,21.01,9.99,8.81
28,380.5,2.75,36.4,0.81,2161,452,0.7,6.15,25.89,0.898,0.473,0.524,69.4,21.31,9.05,9.46
48,515.5,2.95,41.5,,1814,614,,,,,,,74.5,14.38,9.13,7.58
23,627.5,2.91,40.7,0.85,3043,448,0.65,,,,,,,,,
19,340,2.58,31.4,0.69,1661,496,0.81,6.51,27.48,0.974,0.386,0.559,71.3,22.48,,12.29
31,458.5,2.88,38.9,0.81,2134,488,0.78,4.63,29.15,1.034,0.48,0.385,76.5,17.38,10.46,6.31
37,416.5,,,,,,,,,,,,,,,
10,438.5,,,,,,,2.19,28.09,1.411,0.521,0.591,78,24.91,14.7,11.39
5,,,,,,,,5.81,26.23,0.781,,,77.9,,7.95,
42,580.5,2.81,37.8,0.92,1933,396,0.63,5.37,29.77,0.537,0.283,0.391,76.2,16.49,8.75,6.35
24,516,2.75,36.7,0.78,2669,500,0.71,5.45,26.31,0.943,0.295,0.299,78.9,21.09,9.97,13.76
33,430.5,2.93,41,0.8,2111,486,0.87,,,,,,84.4,25.09,13.75,9.97
35,,2.92,41.1,1.11,2627,354,0.51,4.88,27.72,0.893,0.39,0.485,83.7,23.28,10.87,9.7
32,,2.9,40.4,0.89,2817,430,0.61,6.57,26.46,0.751,0.216,0.107,81.7,,7.52,5.5
49,560,2.69,33.5,0.62,2519,538,0.95,7.03,23.08,0.965,0.599,0.459,74.9,14.58,9.29,7.11
13,404,,,,,,,4.33,27.69,0.755,0.508,0.482,73.6,19.33,10.35,9.52
21,578,2.78,37,1,2412,370,0.53,4.42,24.65,0.982,0.802,0.43,67.4,22.24,12.64,11.98
11,415.5,2.83,37.8,1.03,2998,372,0.65,5.14,27.5,1.001,0.635,0.359,80.7,18.41,13.73,9.06
41,420,,,,,,,,,,,,,,,
44,499,,,,,,,,,,,,,,,
16,533,,,,,,,,,,,,,,,
45,362,,,,,,,,,,,,,,,
4,573,2.79,37.3,0.86,2021,448,0.67,,,,,,,,,
47,400.5,3.13,46.7,0.87,2002,474,0.72,,,,,,,,,
16,546,2.85,37.9,0.96,2585,366,0.64,,,,,,,,,
24,556.5,2.82,37.6,0.77,2745,512,0.8,,,,,,,,,
31,431,2.9,39.6,0.77,2148,496,0.83,,,,,,,,,
36,,2.74,36.2,1.24,2526,290,0.45,,,,,,,,,
7,478.5,2.63,31.8,0.82,2020,408,0.69,,,,,,,,,
1,389.5,2.88,39.4,0.89,2268,418,0.65,,,,,,,,,
33,458,,,,,,,,,,,,,,,
6,597.5,2.82,38.2,1.3,3974,296,0.47,,,,,,,,,
27,442,2.96,41.6,0.89,2592,448,0.67,,,,,,,,,
11,433,2.84,37.6,1,2850,382,0.6,,,,,,,,,
10,424.5,,,,,,,,,,,,,,,
19,360,2.9,,0.86,1657,332,0.83,,,,,,,,,
26,453.5,2.95,41.8,0.78,2093,544,,,,,,,,,,
2,398,2.8,37.1,0.8,2083,464,0.73,,,,,,,,,
48,555.5,,,,,,,,,,,,,,,
14,522.5,3.18,48.7,1.02,2535,416,0.63,,,,,,,,,
44,495.5,2.89,39.9,0.69,1518,526,0.88,,,,,,,,,
12,405,,,,,,,,,,,,,,,
35,,2.89,40.1,1.15,2647,342,0.55,,,,,,,,,
40,261,2.82,37.2,0.66,1669,564,0.89,,,,,,,,,
17,395,2.9,40.2,1,2604,398,0.6,,,,,,,,,
42,538.5,2.86,39.1,1.11,2138,332,0.58,,,,,,,,,
28,373,2.67,34.3,0.77,2079,442,0.68,,,,,,,,,
22,,2.52,29.5,0.8,1994,476,0.73,,,,,,,,,
8,545.5,2.8,37.4,0.76,1686,502,0.73,,,,,,,,,
32,470,2.86,38.9,0.9,2769,408,0.66,,,,,,,,,
25,386.5,,,,,,,,,,,,,,,
38,520,2.8,37.7,0.96,2551,384,0.59,,,,,,,,,
23,629,2.97,42.3,0.86,3045,442,0.67,,,,,,,,,
18,571,2.84,38.7,0.8,2423,488,0.75,,,,,,,,,
9,567.5,2.8,37.8,0.82,2692,474,0.68,,,,,,,,,
21,562.5,2.77,36.8,1.11,2575,342,0.51,,,,,,,,,
13,391.5,,,,,,,,,,,,,,,
49,498,2.81,36.6,0.67,2791,504,0.89,,,,,,,,,
41,425,,,,,,,,,,,,,,,
45,413,2.76,36.8,0.66,1785,574,0.83,,,,,,,,,
29,415,3.16,48.6,0.9,2056,488,0.71,,,,,,,,,
37,,2.68,33.6,1,2713,372,0.62,,,,,,,,,
4,543,2.84,38.7,0.98,2218,370,0.61,4.6,26.05,0.824,0.304,0.403,75.6,12.66,6.67,5.86
36,,2.7,35,1.19,2470,296,0.42,,,,,,73.8,17,8.41,6.82
5,,,,,,,,,,,,,75.8,,6.98,
22,,2.5,29,0.81,2080,474,0.69,,,,,,76,,9.95,6.97
13,392.5,,,,,,,3.69,26.66,0.757,0.318,0.283,76.9,15.36,8.89,7.68
23,596.5,2.9,39.9,0.83,2950,464,0.67,4.53,24.96,0.762,,0.223,78.5,13.07,6.55,6.69
49,524,2.66,32.9,0.6,2964,568,0.85,,,,,,75.4,11.42,7.43,5.55
38,565,2.88,39.6,0.98,2510,370,0.56,,,,,,77.4,,,
17,414,2.87,39.4,0.92,2554,418,0.59,3.99,24.79,0.565,0.189,0.272,79,16.75,9.63,9.39
16,513.5,2.84,37.6,0.83,2406,392,0.67,2.75,26.97,0.73,0.316,0.186,75.2,18.31,9.05,7
1,400.5,,,,,,,5.36,25.17,0.893,0.055,0.145,68.8,18.42,9.34,8.34
37,412,,,,,,,,,,,,71.8,13.75,6.71,6.72
18,607,2.86,39.8,0.78,2424,494,0.75,,,,,,75.6,22.8,9.5,12.11
7,508,2.55,30.2,0.78,1921,422,0.64,4.5,25.64,0.776,,,75.5,12.93,7.24,6.16
41,418,,,,,,,5.04,25.1,0.996,,0.437,71,20.74,8.66,7.35
2,390,2.71,34.8,0.69,1928,500,0.77,5.97,23.97,0.995,0.351,0.586,,21.9,8.82,9.65
21,578.5,2.75,36.4,1.03,2398,358,0.56,2.94,27.24,0.986,,0.317,68.9,21.29,9.94,11.69
33,486,,,,,,,,,,,,,,,
45,396,,,,,,,,,,,,80,,,
9,571,2.76,36.3,0.85,2724,448,0.65,4.71,24.43,0.565,0.074,0.296,69.4,14.72,6.92,7.25
40,286.5,2.85,37.9,0.67,1523,540,0.9,3.82,26,0.957,0.552,0.588,77.9,16.49,12.34,9.25
27,516.5,2.91,40,0.88,2592,450,0.72,3.75,25.91,1.026,0.42,0.074,72.6,15.69,10.21,6.77
28,357.5,,32.6,0.72,1886,460,0.74,5.12,25.29,0.789,0.064,0.529,72,17.43,6.98,8.87
19,424.5,2.64,32.9,0.83,1952,406,0.75,6.48,26.07,0.84,0.21,0.282,72.3,18.08,7.98,8.58
12,480.5,,,,,,,,,,,,,,,
8,527,2.78,36.7,0.79,1544,446,0.8,5.46,24.64,0.853,0.311,0.361,68.5,20.81,7.44,7.82
32,440.5,2.89,39.3,0.88,2895,428,0.64,4.99,24.55,0.971,0.272,0.218,78.9,15.67,6.65,6.75
42,543,2.77,37,0.98,2039,384,0.6,2.85,28.28,0.48,0.242,0.244,75.7,16.74,8.86,6.47
11,364,2.8,36.9,0.92,2728,402,0.67,5.02,25.43,,0.111,0.222,81.8,16.12,8.84,6.32
6,592.5,,36.4,1.2,3413,316,0.6,3.11,26.95,0.844,0.194,0.253,75.9,19.42,9.42,8.75
35,,2.88,40.3,1.12,2710,344,0.49,,,,,,80.2,20.04,10.32,7.76
24,529,2.82,38.3,0.74,2652,576,0.85,4.63,25.1,0.988,0.35,0.424,76.8,21.34,10.98,13.21
29,457.5,3.08,45.6,0.83,1998,502,0.75,3.5,29.4,0.731,0.092,0.317,75,14.53,8,7.66
10,446.5,,,,,,,3.53,27.3,1.404,0.381,0.547,75,17.99,9.48,
44,425.5,2.87,39.4,0.71,1569,506,0.83,4.1,27.7,1.038,,0.158,77.7,18.92,8.92,7.39
14,547.5,3.14,48.3,1.03,2579,394,0.61,2.77,26.66,0.607,0.38,0.223,80.2,14.46,9.16,7.05
47,412.5,3.01,43.6,0.81,1873,486,0.75,4.71,25.97,1.119,0.464,0.323,76.2,20.09,8.72,9.64
25,,,,,,,,4.92,21.64,0.677,0.198,0.099,,,,
48,538.5,,,,,,,,,,,,,,,
31,,2.77,36.2,0.73,1957,504,0.8,6.82,22.62,0.834,0.322,0.05,77.5,17.29,9.89,6.4
11,406.5,,,,,,,,,,,,,,,
26,432.5,,,,,,,,,,,,,,,
23,569,,,,,,,,,,,,,,,
2,368.5,,,,,,,,,,,,,,,
4,592.5,2.85,38.6,0.99,2214,416,0.63,,,,,,,,,
12,458.5,,,,,,,,,,,,,,,
25,377.5,,,,,,,,,,,,,,,
32,448,2.94,40.7,0.92,2860,414,0.61,,,,,,,,,
14,544.5,3.17,48.8,0.95,2234,424,,,,,,,,,,
47,384,3.06,45.2,0.87,2045,464,0.81,,,,,,,,,
8,539.5,2.81,37.4,0.89,1709,414,0.6,,,,,,,,,
29,479,3.16,48,0.85,1972,496,0.78,,,,,,,,,
31,,2.91,39.7,0.79,2158,504,0.79,,,,,,,,,
27,385,2.96,41.6,0.82,2517,484,0.74,,,,,,,,,
15,,2.75,35.9,,2395,564,0.95,,,,,,,,,
48,529,,,,,,,,,,,,,,,
2,371.5,2.72,35,0.74,1952,482,0.89,,,,,,,,,
16,539.5,2.92,40.6,1.04,2854,356,0.63,,,,,,,,,
6,586.5,2.85,38.3,1.22,3422,324,0.53,,,,,,,,,
10,418.5,,,,,,,,,,,,,,,
38,533,2.91,40.8,0.98,2449,390,,,,,,,,,,
18,585,2.86,39.6,0.79,2320,504,0.71,,,,,,,,,
45,380.5,,,,,,,,,,,,,,,
1,401.5,2.86,39.3,0.89,2415,420,0.64,,,,,,,,,
23,661,2.98,42.7,0.86,3146,466,0.65,,,,,,,,,
21,562.5,2.7,35,1.08,2444,344,0.53,,,,,,,,,
26,420.5,3.01,43.4,0.8,2148,522,0.8,,,,,,,,,
28,,2.67,34.3,0.77,2131,464,0.71,,,,,,,,,
11,416.5,2.9,39.6,1.09,3192,366,0.57,,,,,,,,,
44,480.5,,,,,,,,,,,,,,,
41,418.5,,,,,,,,,,,,,,,
33,413,,,,,,,,,,,,,,,
36,,2.71,35.5,1.21,2498,288,0.44,,,,,,,,,
7,497,2.48,28.4,0.83,2027,404,0.63,,,,,,,,,
37,416,,,,,,,,,,,,,,,
49,498.5,2.67,33,0.6,2738,574,0.87,,,,,,,,,
9,567.5,2.84,38.7,0.87,2782,440,0.68,,,,,,,,,
24,562.5,2.83,37.8,0.76,2552,532,0.87,,,,,,,,,
35,,2.95,42.1,1.16,2716,346,0.47,,,,,,,,,
17,470,3.04,44.7,1.12,2983,376,0.56,,,,,,,,,
22,,2.52,29.4,0.77,2058,488,0.72,,,,,,,,,
19,389,2.76,36.1,0.75,1647,486,0.89,,,,,,,,,
13,397.5,,,,,,,,,,,,,,,
4,559.5,2.76,36,0.87,2118,424,0.68,3.09,28.36,0.954,0.432,0.455,,,,
31,440.5,2.92,40.5,0.77,1986,512,0.81,5.67,23.49,1.04,0.373,0.397,,,,
10,442,,,,,,,2.98,28.72,1.386,0.587,0.886,,,,
14,543,3.09,46.3,0.93,2233,432,0.68,3.73,25.36,0.66,,0.26,,,,
18,585,2.87,39.9,0.87,2502,456,0.75,5.21,23.22,0.855,0.352,0.494,,,,
42,613,,,,,,,,,,,,,,,
9,583,2.8,37.5,0.83,2536,482,,3.32,26.99,0.926,0.351,0.524,,,,
49,535.5,2.72,33.8,0.57,2724,622,0.98,6.42,20.78,1.4,0.613,0.619,,,,
17,465,2.82,37.6,0.83,2327,470,0.67,3.16,27.04,0.94,0.862,0.593,,,,
15,,,,,,,,2.15,26.09,1.321,0.505,0.73,,,,
35,,2.86,39.4,1.15,2565,342,0.49,4.75,23.12,1.057,0.653,0.655,,,,
41,381,,,,,,,4.46,23.72,1.077,0.366,0.496,,,,
32,444,2.93,40.8,0.86,2797,430,0.64,7.49,21.97,0.855,0.336,0.309,,,,
47,414.5,3.07,44.7,0.89,2035,450,0.66,2.03,28.92,0.854,0.401,0.518,,,,
21,593.5,2.81,37.9,0.95,2337,,0.61,1.76,30.58,1.164,0.572,0.614,,,,
38,515,2.97,42.4,1.06,2702,356,0.56,2.9,26.61,1.17,0.547,0.642,,,,
2,497.5,2.72,34.8,0.77,1969,470,0.71,7.69,20.14,0.979,0.462,0.388,,,,
33,485,2.95,41.2,0.78,2123,506,0.83,,,,,,,,,
22,,2.42,26.9,0.77,2041,478,0.72,2.61,27.75,1.13,0.396,0.546,,,,
27,403,3.04,44.1,0.96,2704,420,0.66,6.34,21.99,1.145,0.581,0.584,,,,
28,378,2.67,34.2,0.81,2032,434,0.71,3.14,26.94,0.803,0.428,0.612,,,,
23,622.5,2.94,41.1,0.83,3126,472,0.67,2.14,24.86,0.953,0.109,0.344,,,,
44,446,,36.4,0.69,1513,520,0.81,2.83,25.54,0.846,0.144,0.267,,,,
19,444,2.61,31.9,0.78,2053,490,,5.62,24.08,1.025,0.441,0.453,,,,
46,,3.1,46.9,0.93,2173,428,0.7,,,,,,,,,
6,623.5,2.9,39.7,1.17,3263,334,0.53,2.09,28.68,0.874,0.29,0.258,,,,
37,441.5,2.66,33.7,0.91,2562,382,0.6,2.64,24.67,0.973,0.676,0.189,,,,
11,429.5,2.85,38.4,0.97,2953,394,0.55,7.24,21.05,1.113,0.289,0.297,,,,
8,508,2.84,38.4,0.89,1741,416,0.67,5,24.01,0.879,0.545,0.558,,,,
25,324,,,,,,,2.83,21.83,0.822,0.305,0.411,,,,
24,615,,,,,,,,,,,,,,,
1,397.5,2.87,38.7,0.92,2468,390,0.63,3.63,26.85,1.026,0.568,0.382,,,,
26,439.5,2.96,42.4,0.84,,502,0.76,4.92,24.89,0.815,0.591,0.377,,,,
16,527,,,1.07,2702,374,0.57,2.38,26.65,0.948,0.526,0.591,,,,
45,430,,,,,,,,,,,,,,,
12,442.5,2.74,36.2,0.92,2268,422,0.63,,,,,,,,,
13,398,,,,,,,2.67,28.53,1.13,0.441,0.643,,,,
5,,,,,,,,4.09,28.07,0.958,0.203,0.335,,,,
7,505.5,2.55,29.9,0.87,1996,380,0.59,5.74,22.97,1.082,0.092,0.131,,,,
48,518,,,,,,,,,,,,,,,
36,,2.67,34.2,1.16,2339,304,0.45,3.6,24.56,1.214,0.327,0.372,,,,
4,613.5,,,,,,,1.97,28.11,1.129,0.553,0.553,,19.07,9.01,8.8
33,447.5,,,,,,,,,,,,,,,
12,478.5,,,,,,,,,,,,76,16.41,11.25,6.77
40,241,,,,,,,3.37,25.32,1.385,0.942,0.628,78.9,24.07,10.95,9.53
9,601,,,,,,,2.61,27.73,0.642,0.078,0.14,68.8,14.71,7.74,7.6
6,603,,,,,,,2.91,26.58,0.733,0.179,0.114,76.9,19.21,10.03,8.88
11,421,,,,,,,3.99,26.06,1.037,0.268,0.38,77.1,16.71,10.18,6.46
48,547,,,,,,,,,,,,,,,
21,583,,,,,,,1.75,28.48,0.882,0.399,0.432,65.3,21.57,11.28,10.94
7,537.5,,,,,,,3.53,25.62,0.688,0.123,,75,,7.32,5.96
47,408,,,,,,,2.23,27.18,0.954,0.255,0.148,73.8,21.02,8.97,8.16
38,515,,,,,,,3.3,25.88,1.191,0.588,0.468,76.3,18.17,8.59,8.35
2,394.5,,,,,,,4.79,25.15,0.991,0.408,0.667,,22.86,9.59,10.14
8,546,,,,,,,4.43,24.96,1.035,0.421,0.351,71,23.73,8.4,8.05
46,445.5,,,,,,,2.03,27.1,1.202,0.245,0.328,,17.64,6.47,6.16
10,454,,,,,,,3.17,26.13,1.294,0.314,0.538,74.5,16.71,9.53,8.6
26,493.5,,,,,,,3.78,26.54,0.515,0.227,0.147,78.4,12.59,6.48,6.11
1,411.5,,,,,,,3.32,26.82,0.87,0.059,0.113,68.8,17.22,8.96,7.51
19,404,,,,,,,3.39,25.53,1.036,0.476,0.158,68.7,15.08,7.82,8.02
23,624,,,,,,,3.16,27.52,0.959,0.066,0.502,78,13.61,6.86,7.47
27,,,,,,,,2.34,27.31,1.038,0.374,0.339,69.2,19.13,9.59,9.71
41,401,,,,,,,2.55,25.58,1.048,,0.539,71.5,22.04,8.55,7.77
31,523.5,,,,,,,2.95,27.28,0.998,0.36,0.376,,20.5,8.6,8.28
32,,,,,,,,2.46,26.68,0.748,0.202,0.06,76.1,,7.39,5.61
18,565,,,,,,,4.34,25.25,0.773,0.016,,71.6,14.15,8.36,6.98
16,545.5,,,,,,,4.49,23.65,0.913,0.509,0.27,73.3,20.35,10.4,7.01
24,535.5,,,,,,,3.16,25.62,0.905,0.195,0.186,76.8,16.01,7.87,7.44
25,359.5,,,,,,,2.35,20.29,0.833,0.139,0.389,,,,
22,476,,,,,,,3.48,26.24,0.747,0.202,0.098,76,,10.64,6.42
44,450,,,,,,,3.42,25.97,0.996,,0.034,77.7,17.61,8.07,6.57
35,,,,,,,,2.19,29.48,0.869,0.517,0.313,,20.79,9.84,8.79
14,,,,,,,,2.29,27.68,0.617,0.171,0.132,78.1,14.23,9.89,7.62
42,582,,,,,,,3.3,27.15,0.707,0.002,,74.3,19.46,8.79,8.65
45,433.5,,,,,,,,,,,,,,,
15,590,,,,,,,3.04,24.51,1.456,0.657,0.537,81.4,,9.72,12.51
36,,,,,,,,2.87,27.21,0.965,,0.15,74.4,,8.51,
17,330,,,,,,,3.33,25.72,0.66,0.261,0.173,78.5,16.01,10.14,9.43
13,379.5,,,,,,,4.46,25.18,0.773,0.333,0.219,73.6,15.72,9.14,8.11
49,,,,,,,,4.85,22.45,0.897,0.389,0.075,71.3,11.95,7.68,6.01
28,323.5,,,,,,,4.73,24.26,0.809,0.08,0.444,65.8,17.13,7.77,7.72
37,411,,,,,,,2.71,25.27,0.533,0.27,0.187,,,,
4,578.5,,,,,,,4.94,20.79,0.754,0.15,0.157,77.7,13.05,6.69,6.62
5,,,,,,,,2.79,24.32,0.669,0.053,,74.7,,7,
12,442.5,,,,,,,5.69,22.15,0.829,0.137,0.047,76,17.89,9.67,6.24
15,472,,,,,,,2.78,23.2,1.043,,0.068,80.4,16.3,7.6,6.66
34,622,,,,,,,,,,,,,,,
48,527,,,,,,,,,,,,,,,
9,574.5,,,,,,,3.94,,0.776,0.058,0.224,67.7,13.66,6.7,6.74
37,436,,,,,,,2.82,23.11,0.613,0.094,,,,,
46,,,,,,,,4.68,20.75,1.287,,0.333,85.6,16.83,6.43,6.68
7,510.5,,,,,,,3.78,22.02,0.711,,,71.9,,6.66,5.99
27,440,,,,,,,4.11,21.82,0.942,0.337,0.038,69.7,13.68,8.86,6.61
14,526,,,,,,,3.5,23.13,0.553,0.169,,79.7,14.86,9.92,7.3
17,500.5,,,,,,,5.13,20.57,0.734,0.297,0.379,82,16.88,9.74,9.8
21,585,,,,,,,2.83,22.02,0.945,0.717,0.496,67.4,18.94,9.61,10.63
42,519.5,,,,,,,4.73,20.65,0.587,0.394,0.134,76.2,15.59,9.62,7.12
8,549,,,,,,,4.77,20.97,0.923,0.238,0.306,,20.62,8.7,8.2
6,590,,,,,,,3.34,23.79,0.868,0.261,0.034,80.5,,,
36,,,,,,,,3.86,23.86,0.936,,0.364,74.4,,,
28,446.5,,,,,,,4.95,21.02,0.794,0.195,0.506,,17.81,7.71,7.64
16,538.5,,,,,,,4.08,21.94,0.869,0.449,0.224,,17.84,7.33,6.69
22,483,,,,,,,2.87,23.85,0.895,0.432,0.386,75.5,,,
47,400,,,,,,,1.79,26.46,0.974,0.144,0.105,76.2,18.18,7.67,7.42
49,505,,,,,,,6.89,17.84,1.016,0.555,0.191,75.9,13.71,8.1,5.59
35,,,,,,,,3.65,23.55,0.93,0.656,0.553,79.2,18.73,11.52,9.63
18,535,,,,,,,7.34,18.86,0.925,0.241,0.194,,,,
38,516,,,,,,,,,,,,81.6,14.02,8.54,5.79
29,489,,,,,,,,,,,,75,16.79,6.41,7.19
2,410,,,,,,,5.09,20.15,0.842,0.28,0.285,75.8,16.62,8.98,6.48
25,347,,,,,,,4.21,20.24,0.912,0.285,0.507,,,,
31,436.5,,,,,,,6.04,19.87,0.857,0.473,0.365,75.5,18.37,11.03,9.01
1,395.5,,,,,,,4.24,,0.823,0.227,0.087,67.7,15.7,8.96,7.73
45,422.5,,,,,,,,,,,,,,,
10,451,,,,,,,5.33,,,0.413,0.538,75,15.77,8.9,6.8
26,438,,,,,,,,,,,,,12.11,6.92,6.4
23,639,,,,,,,5.93,17.26,0.961,0.214,0.426,78,18.54,6.54,8.05
44,428,,,,,,,3.2,24.1,0.89,,0.018,78.2,18.02,8.54,7.07
32,424,,,,,,,,,,,,75.6,,6.88,4.74
41,418,,,,,,,6.51,19.01,1.051,0.317,0.517,72,,,
19,396,,,,,,,3,23.36,0.852,0.19,0.323,74.4,16.21,8.65,8.84
24,550.5,,,,,,,5.13,,0.958,,0.162,80,14.8,9.12,8.52
13,395.5,,,,,,,4.47,21.41,0.787,0.345,0.204,73.1,15.54,8.84,8.15
40,325,,,,,,,6.11,,0.733,0.248,0.17,78.9,14.67,9.91,7.7
11,415,,,,,,,2.7,25.02,0.844,0.073,0.253,79.2,18.38,9.79,7.18
33,456,,,,,,,3.46,22.4,0.877,0.5,0.272,77.1,22.13,11.77,9
4,,,,,,,,2.18,28.78,1.02,0.345,0.539,,,,
35,,,,,,,,2.56,29.9,0.89,0.62,0.579,,,,
18,,,,,,,,1.96,27.96,0.808,0.136,0.196,,,,
31,,,,,,,,2.05,29.71,1.1,0.313,0.595,,,,
17,,,,,,,,2.08,27.49,0.745,0.491,0.463,,,,
36,,,,,,,,3.7,25.72,1.12,,0.446,,,,
23,,,,,,,,2.91,22.71,0.9,0.118,0.409,,,,
26,,,,,,,,3.23,28.55,0.838,0.484,0.453,,,,
11,,,,,,,,2.42,28.37,1.03,0.422,0.591,,,,
28,,,,,,,,3.21,26.55,0.878,0.202,0.563,,,,
9,,,,,,,,2.25,27.41,0.899,0.296,0.624,,,,
42,,,,,,,,1.52,30.73,0.81,0.449,0.527,,,,
21,,,,,,,,1.89,29.14,1.086,0.454,0.249,,,,
13,,,,,,,,1.84,29.94,0.931,0.199,0.506,,,,
24,,,,,,,,2.45,27.36,1.045,0.312,0.369,,,,
6,,,,,,,,3.62,27.78,0.863,0.277,0.387,,,,
16,,,,,,,,1.8,28.16,0.988,0.353,0.326,,,,
5,,,,,,,,4.14,26.97,0.839,0.131,0.108,,,,
15,,,,,,,,2.56,28.32,1.319,0.603,0.896,,,,
22,,,,,,,,2.29,28.8,0.987,0.386,0.44,,,,
29,,,,,,,,1.83,26.02,0.909,0.103,0.53,,,,
49,,,,,,,,3.82,24.22,1.3,0.396,0.63,,,,
41,417.5,,,,,,,2.52,26.99,1.088,0.348,0.627,,,,
14,,,,,,,,1.95,27.8,0.789,0.214,0.303,,,,
32,,,,,,,,5.24,22.23,0.773,0.366,0.221,,,,
44,,,,,,,,2.26,28.6,0.978,0.091,0.168,,,,
8,,,,,,,,2.24,28.31,0.8,0.595,0.579,,,,
37,423.5,,,,,,,2.46,25.84,0.93,0.483,0.372,,,,
10,,,,,,,,2.21,29.61,1.458,0.541,0.789,,,,
7,,,,,,,,2.52,27.97,1.096,0.267,0.337,,,,
1,,,,,,,,1.92,27.8,0.932,0.564,0.214,,,,
40,,,,,,,,2.93,25.29,1.103,0.118,0.369,,,,
2,,,,,,,,2.39,27.31,0.997,0.51,0.643,,,,
12,,,,,,,,3.51,27.09,1.193,0.31,0.39,,,,
27,,,,,,,,2.64,29.35,1.118,0.669,0.74,,,,
19,,,,,,,,3,29.36,1.037,0.652,0.425,,,,
25,,,,,,,,3.18,24.08,0.655,0.075,0.401,,,,
