ID,rn,vel_m.s,Acceleration,acc.up
#ID33,0.01,,,0.84
#ID33,0.02,,,0.85
#ID33,0.03,,,0.86
#ID33,0.04,,,0.88
#ID33,0.05,,,0.9
#ID33,0.06,,,0.91
#ID33,0.07,,,0.92
#ID33,0.08,,,0.94
#ID33,0.09,,,0.95
#ID33,0.1,0.438888889,-0.153,0.97
#ID33,0.11,,,0.97
#ID33,0.12,,,0.97
#ID33,0.13,,,0.94
#ID33,0.14,,,0.9
#ID33,0.15,,,0.84
#ID33,0.16,,,0.77
#ID33,0.17,,,0.7
#ID33,0.18,,,0.64
#ID33,0.19,,,0.59
#ID33,0.2,0.488888889,-0.092,0.58
#ID33,0.21,,,0.59
#ID33,0.22,,,0.64
#ID33,0.23,,,0.7
#ID33,0.24,,,0.78
#ID33,0.25,,,0.84
#ID33,0.26,,,0.88
#ID33,0.27,,,0.88
#ID33,0.28,,,0.83
#ID33,0.29,,,0.77
#ID33,0.3,0.55,-0.005,0.69
#ID33,0.31,,,0.64
#ID33,0.32,,,0.63
#ID33,0.33,,,0.67
#ID33,0.34,,,0.76
#ID33,0.35,,,0.88
#ID33,0.36,,,1.01
#ID33,0.37,,,1.14
#ID33,0.38,,,1.25
#ID33,0.39,,,1.35
#ID33,0.4,0.633333333,0.103,1.43
#ID33,0.41,,,1.49
#ID33,0.42,,,1.54
#ID33,0.43,,,1.57
#ID33,0.44,,,1.58
#ID33,0.45,,,1.57
#ID33,0.46,,,1.51
#ID33,0.47,,,1.41
#ID33,0.48,,,1.26
#ID33,0.49,,,1.07
#ID33,0.5,0.747222222,0.232,0.84
#ID33,0.51,,,0.6
#ID33,0.52,,,0.37
#ID33,0.53,,,0.17
#ID33,0.54,,,0.03
#ID33,0.55,,,-0.07
#ID33,0.56,,,-0.11
#ID33,0.57,,,-0.13
#ID33,0.58,,,-0.12
#ID33,0.59,,,-0.09
#ID33,0.6,0.913888889,0.391,-0.05
#ID33,0.61,,,0.02
#ID33,0.62,,,0.12
#ID33,0.63,,,0.26
#ID33,0.64,,,0.42
#ID33,0.65,,,0.58
#ID33,0.66,,,0.73
#ID33,0.67,,,0.86
#ID33,0.68,,,0.97
#ID33,0.69,,,1.06
#ID33,0.7,1.144444444,0.598,1.16
#ID33,0.71,,,1.27
#ID33,0.72,,,1.38
#ID33,0.73,,,1.47
#ID33,0.74,,,1.5
#ID33,0.75,,,1.47
#ID33,0.76,,,1.35
#ID33,0.77,,,1.15
#ID33,0.78,,,0.9
#ID33,0.79,,,0.66
#ID33,0.8,1.430555556,0.867,0.45
#ID33,0.81,,,0.32
#ID33,0.82,,,0.26
#ID33,0.83,,,0.27
#ID33,0.84,,,0.3
#ID33,0.85,,,0.3
#ID33,0.86,,,0.24
#ID33,0.87,,,0.11
#ID33,0.88,,,-0.1
#ID33,0.89,,,-0.32
#ID33,0.9,1.730555556,1.191,-0.51
#ID33,0.91,,,-0.6
#ID33,0.92,,,-0.55
#ID33,0.93,,,-0.34
#ID33,0.94,,,0
#ID33,0.95,,,0.42
#ID33,0.96,,,0.85
#ID33,0.97,,,1.24
#ID33,0.98,,,1.55
#ID33,0.99,,,1.77
#ID33,1,2.044444444,1.545,1.91
#ID33,1.01,,,2
#ID33,1.02,,,2.05
#ID33,1.03,,,2.04
#ID33,1.04,,,1.98
#ID33,1.05,,,1.83
#ID33,1.06,,,1.6
#ID33,1.07,,,1.28
#ID33,1.08,,,0.92
#ID33,1.09,,,0.57
#ID33,1.1,2.361111111,1.897,0.28
#ID33,1.11,,,0.09
#ID33,1.12,,,0.02
#ID33,1.13,,,0.05
#ID33,1.14,,,0.15
#ID33,1.15,,,0.25
#ID33,1.16,,,0.3
#ID33,1.17,,,0.26
#ID33,1.18,,,0.13
#ID33,1.19,,,-0.08
#ID33,1.2,2.65,2.219,-0.3
#ID33,1.21,,,-0.46
#ID33,1.22,,,-0.52
#ID33,1.23,,,-0.42
#ID33,1.24,,,-0.17
#ID33,1.25,,,0.19
#ID33,1.26,,,0.61
#ID33,1.27,,,1.02
#ID33,1.28,,,1.36
#ID33,1.29,,,1.6
#ID33,1.3,2.919444444,2.481,1.77
#ID33,1.31,,,1.88
#ID33,1.32,,,1.96
#ID33,1.33,,,2.01
#ID33,1.34,,,2.03
#ID33,1.35,,,1.98
#ID33,1.36,,,1.85
#ID33,1.37,,,1.62
#ID33,1.38,,,1.31
#ID33,1.39,,,0.96
#ID33,1.4,3.186111111,2.669,0.62
#ID33,1.41,,,0.36
#ID33,1.42,,,0.2
#ID33,1.43,,,0.15
#ID33,1.44,,,0.2
#ID33,1.45,,,0.28
#ID33,1.46,,,0.34
#ID33,1.47,,,0.33
#ID33,1.48,,,0.23
#ID33,1.49,,,0.04
#ID33,1.5,3.433333333,2.786,-0.2
#ID33,1.51,,,-0.44
#ID33,1.52,,,-0.62
#ID33,1.53,,,-0.69
#ID33,1.54,,,-0.61
#ID33,1.55,,,-0.37
#ID33,1.56,,,0.01
#ID33,1.57,,,0.47
#ID33,1.58,,,0.95
#ID33,1.59,,,1.37
#ID33,1.6,3.658333333,2.836,1.67
#ID33,1.61,,,1.86
#ID33,1.62,,,1.95
#ID33,1.63,,,1.99
#ID33,1.64,,,2.03
#ID33,1.65,,,2.08
#ID33,1.66,,,2.12
#ID33,1.67,,,2.1
#ID33,1.68,,,1.98
#ID33,1.69,,,1.75
#ID33,1.7,3.883333333,2.825,1.41
#ID33,1.71,,,1.02
#ID33,1.72,,,0.63
#ID33,1.73,,,0.3
#ID33,1.74,,,0.07
#ID33,1.75,,,-0.03
#ID33,1.76,,,0
#ID33,1.77,,,0.11
#ID33,1.78,,,0.26
#ID33,1.79,,,0.39
#ID33,1.8,4.080555556,2.767,0.45
#ID33,1.81,,,0.4
#ID33,1.82,,,0.23
#ID33,1.83,,,-0.01
#ID33,1.84,,,-0.26
#ID33,1.85,,,-0.45
#ID33,1.86,,,-0.51
#ID33,1.87,,,-0.38
#ID33,1.88,,,-0.06
#ID33,1.89,,,0.41
#ID33,1.9,4.244444444,2.663,0.93
#ID33,1.91,,,1.42
#ID33,1.92,,,1.79
#ID33,1.93,,,2
#ID33,1.94,,,2.08
#ID33,1.95,,,2.09
#ID33,1.96,,,2.06
#ID33,1.97,,,2.02
#ID33,1.98,,,1.96
#ID33,1.99,,,1.85
#ID33,2,4.405555556,2.521,1.66
#ID33,2.01,,,1.41
#ID33,2.02,,,1.1
#ID33,2.03,,,0.79
#ID33,2.04,,,0.52
#ID33,2.05,,,0.32
#ID33,2.06,,,0.22
#ID33,2.07,,,0.22
#ID33,2.08,,,0.27
#ID33,2.09,,,0.33
#ID33,2.1,4.555555556,2.355,0.36
#ID33,2.11,,,0.31
#ID33,2.12,,,0.18
#ID33,2.13,,,-0.03
#ID33,2.14,,,-0.28
#ID33,2.15,,,-0.5
#ID33,2.16,,,-0.63
#ID33,2.17,,,-0.61
#ID33,2.18,,,-0.41
#ID33,2.19,,,-0.04
#ID33,2.2,4.677777778,2.177,0.46
#ID33,2.21,,,1
#ID33,2.22,,,1.49
#ID33,2.23,,,1.87
#ID33,2.24,,,2.1
#ID33,2.25,,,2.19
#ID33,2.26,,,2.19
#ID33,2.27,,,2.14
#ID33,2.28,,,2.07
#ID33,2.29,,,1.98
#ID33,2.3,4.788888889,1.989,1.84
#ID33,2.31,,,1.63
#ID33,2.32,,,1.35
#ID33,2.33,,,1.01
#ID33,2.34,,,0.67
#ID33,2.35,,,0.36
#ID33,2.36,,,0.16
#ID33,2.37,,,0.07
#ID33,2.38,,,0.1
#ID33,2.39,,,0.21
#ID33,2.4,4.886111111,1.797,0.36
#ID33,2.41,,,0.47
#ID33,2.42,,,0.5
#ID33,2.43,,,0.43
#ID33,2.44,,,0.25
#ID33,2.45,,,0.02
#ID33,2.46,,,-0.22
#ID33,2.47,,,-0.4
#ID33,2.48,,,-0.46
#ID33,2.49,,,-0.36
#ID33,2.5,4.963888889,1.607,-0.08
#ID33,2.51,,,0.32
#ID33,2.52,,,0.79
#ID33,2.53,,,1.25
#ID33,2.54,,,1.6
#ID33,2.55,,,1.81
#ID33,2.56,,,1.89
#ID33,2.57,,,1.89
#ID33,2.58,,,1.88
#ID33,2.59,,,1.88
#ID33,2.6,5.036111111,1.421,1.89
#ID33,2.61,,,1.88
#ID33,2.62,,,1.8
#ID33,2.63,,,1.62
#ID33,2.64,,,1.35
#ID33,2.65,,,1.03
#ID33,2.66,,,0.72
#ID33,2.67,,,0.47
#ID33,2.68,,,0.33
#ID33,2.69,,,0.3
#ID33,2.7,5.094444444,1.244,0.38
#ID33,2.71,,,0.49
#ID33,2.72,,,0.59
#ID33,2.73,,,0.61
#ID33,2.74,,,0.53
#ID33,2.75,,,0.34
#ID33,2.76,,,0.07
#ID33,2.77,,,-0.23
#ID33,2.78,,,-0.47
#ID33,2.79,,,-0.62
#ID33,2.8,5.136111111,1.078,-0.6
#ID33,2.81,,,-0.41
#ID33,2.82,,,-0.04
#ID33,2.83,,,0.44
#ID33,2.84,,,0.97
#ID33,2.85,,,1.46
#ID33,2.86,,,1.83
#ID33,2.87,,,2.06
#ID33,2.88,,,2.15
#ID33,2.89,,,2.15
#ID33,2.9,5.172222222,0.92,2.12
#ID33,2.91,,,2.08
#ID33,2.92,,,2.03
#ID33,2.93,,,1.95
#ID33,2.94,,,1.81
#ID33,2.95,,,1.58
#ID33,2.96,,,1.29
#ID33,2.97,,,0.95
#ID33,2.98,,,0.64
#ID33,2.99,,,0.38
#ID33,3,5.205555556,0.774,0.24
#ID33,3.01,,,0.21
#ID33,3.02,,,0.28
#ID33,3.03,,,0.43
#ID33,3.04,,,0.58
#ID33,3.05,,,0.7
#ID33,3.06,,,0.72
#ID33,3.07,,,0.64
#ID33,3.08,,,0.46
#ID33,3.09,,,0.21
#ID33,3.1,5.227777778,0.644,-0.05
#ID33,3.11,,,-0.26
#ID33,3.12,,,-0.36
#ID33,3.13,,,-0.31
#ID33,3.14,,,-0.09
#ID33,3.15,,,0.28
#ID33,3.16,,,0.73
#ID33,3.17,,,1.19
#ID33,3.18,,,1.59
#ID33,3.19,,,1.85
#ID33,3.2,5.247222222,0.528,1.99
#ID33,3.21,,,2.02
#ID33,3.22,,,2
#ID33,3.23,,,1.97
#ID33,3.24,,,1.94
#ID33,3.25,,,1.9
#ID33,3.26,,,1.81
#ID33,3.27,,,1.66
#ID33,3.28,,,1.43
#ID33,3.29,,,1.15
#ID33,3.3,5.272222222,0.428,0.86
#ID33,3.31,,,0.6
#ID33,3.32,,,0.42
#ID33,3.33,,,0.35
#ID33,3.34,,,0.38
#ID33,3.35,,,0.48
#ID33,3.36,,,0.61
#ID33,3.37,,,0.69
#ID33,3.38,,,0.68
#ID33,3.39,,,0.56
#ID33,3.4,5.297222222,0.348,0.35
#ID33,3.41,,,0.08
#ID33,3.42,,,-0.2
#ID33,3.43,,,-0.42
#ID33,3.44,,,-0.55
#ID33,3.45,,,-0.55
#ID33,3.46,,,-0.43
#ID33,3.47,,,-0.17
#ID33,3.48,,,0.2
#ID33,3.49,,,0.64
#ID33,3.5,5.313888889,0.288,1.11
#ID33,3.51,,,1.54
#ID33,3.52,,,1.89
#ID33,3.53,,,2.12
#ID33,3.54,,,2.24
#ID33,3.55,,,2.28
#ID33,3.56,,,2.28
#ID33,3.57,,,2.24
#ID33,3.58,,,2.17
#ID33,3.59,,,2.05
#ID33,3.6,5.333333333,0.242,1.87
#ID33,3.61,,,1.61
#ID33,3.62,,,1.3
#ID33,3.63,,,0.96
#ID33,3.64,,,0.65
#ID33,3.65,,,0.41
#ID33,3.66,,,0.28
#ID33,3.67,,,0.26
#ID33,3.68,,,0.33
#ID33,3.69,,,0.45
#ID33,3.7,5.35,0.207,0.56
#ID33,3.71,,,0.59
#ID33,3.72,,,0.51
#ID33,3.73,,,0.33
#ID33,3.74,,,0.08
#ID33,3.75,,,-0.15
#ID33,3.76,,,-0.3
#ID33,3.77,,,-0.3
#ID33,3.78,,,-0.12
#ID33,3.79,,,0.24
#ID33,3.8,5.361111111,0.181,0.69
#ID33,3.81,,,1.17
#ID33,3.82,,,1.57
#ID33,3.83,,,1.83
#ID33,3.84,,,1.96
#ID33,3.85,,,1.98
#ID33,3.86,,,1.96
#ID33,3.87,,,1.93
#ID33,3.88,,,1.9
#ID33,3.89,,,1.85
#ID33,3.9,5.372222222,0.16,1.77
#ID33,3.91,,,1.61
#ID33,3.92,,,1.4
#ID33,3.93,,,1.14
#ID33,3.94,,,0.89
#ID33,3.95,,,0.69
#ID33,3.96,,,0.56
#ID33,3.97,,,0.51
#ID33,3.98,,,0.54
#ID33,3.99,,,0.61
#ID33,4,5.394444444,0.145,0.67
#ID33,4.01,,,0.69
#ID33,4.02,,,0.64
#ID33,4.03,,,0.5
#ID33,4.04,,,0.28
#ID33,4.05,,,0.02
#ID33,4.06,,,-0.26
#ID33,4.07,,,-0.5
#ID33,4.08,,,-0.64
#ID33,4.09,,,-0.64
#ID33,4.1,5.411111111,0.138,-0.46
#ID33,4.11,,,-0.1
#ID33,4.12,,,0.42
#ID33,4.13,,,1.03
#ID33,4.14,,,1.62
#ID33,4.15,,,2.11
#ID33,4.16,,,2.43
#ID33,4.17,,,2.57
#ID33,4.18,,,2.57
#ID33,4.19,,,2.48
#ID33,4.2,5.433333333,0.139,2.36
#ID33,4.21,,,2.22
#ID33,4.22,,,2.05
#ID33,4.23,,,1.85
#ID33,4.24,,,1.6
#ID33,4.25,,,1.31
#ID33,4.26,,,1.01
#ID33,4.27,,,0.71
#ID33,4.28,,,0.46
#ID33,4.29,,,0.27
#ID33,4.3,5.458333333,0.145,0.17
#ID33,4.31,,,0.15
#ID33,4.32,,,0.21
#ID33,4.33,,,0.3
#ID33,4.34,,,0.4
#ID33,4.35,,,0.46
#ID33,4.36,,,0.45
#ID33,4.37,,,0.37
#ID33,4.38,,,0.22
#ID33,4.39,,,0.03
#ID33,4.4,5.477777778,0.156,-0.15
#ID33,4.41,,,-0.28
#ID33,4.42,,,-0.31
#ID33,4.43,,,-0.21
#ID33,4.44,,,0.03
#ID33,4.45,,,0.39
#ID33,4.46,,,0.83
#ID33,4.47,,,1.29
#ID33,4.48,,,1.69
#ID33,4.49,,,1.98
#ID33,4.5,5.486111111,0.164,2.15
#ID33,4.51,,,2.23
#ID33,4.52,,,2.25
#ID33,4.53,,,2.25
#ID33,4.54,,,2.23
#ID33,4.55,,,2.17
#ID33,4.56,,,2.04
#ID33,4.57,,,1.83
#ID33,4.58,,,1.55
#ID33,4.59,,,1.23
#ID33,4.6,5.488888889,0.164,0.9
#ID33,4.61,,,0.62
#ID33,4.62,,,0.42
#ID33,4.63,,,0.32
#ID33,4.64,,,0.32
#ID33,4.65,,,0.37
#ID33,4.66,,,0.44
#ID33,4.67,,,0.48
#ID33,4.68,,,0.44
#ID33,4.69,,,0.33
#ID33,4.7,5.486111111,0.153,0.14
#ID33,4.71,,,-0.09
#ID33,4.72,,,-0.3
#ID33,4.73,,,-0.45
#ID33,4.74,,,-0.49
#ID33,4.75,,,-0.38
#ID33,4.76,,,-0.13
#ID33,4.77,,,0.26
#ID33,4.78,,,0.73
#ID33,4.79,,,1.22
#ID33,4.8,5.480555556,0.132,1.64
#ID33,4.81,,,1.95
#ID33,4.82,,,2.13
#ID33,4.83,,,2.21
#ID33,4.84,,,2.22
#ID33,4.85,,,2.22
#ID33,4.86,,,2.22
#ID33,4.87,,,2.2
#ID33,4.88,,,2.12
#ID33,4.89,,,1.96
#ID33,4.9,5.483333333,0.106,1.7
#ID33,4.91,,,1.37
#ID33,4.92,,,1
#ID33,4.93,,,0.64
#ID33,4.94,,,0.35
#ID33,4.95,,,0.18
#ID33,4.96,,,0.12
#ID33,4.97,,,0.17
#ID33,4.98,,,0.28
#ID33,4.99,,,0.42
#ID33,5,5.488888889,0.082,0.52
#ID33,5.01,,,0.54
#ID33,5.02,,,0.47
#ID33,5.03,,,0.32
#ID33,5.04,,,0.12
#ID33,5.05,,,-0.09
#ID33,5.06,,,-0.23
#ID33,5.07,,,-0.26
#ID33,5.08,,,-0.15
#ID33,5.09,,,0.12
#ID33,5.1,5.486111111,0.063,0.52
#ID33,5.11,,,0.98
#ID33,5.12,,,1.42
#ID33,5.13,,,1.78
#ID33,5.14,,,2.02
#ID33,5.15,,,2.15
#ID33,5.16,,,2.18
#ID33,5.17,,,2.18
#ID33,5.18,,,2.15
#ID33,5.19,,,2.09
#ID33,5.2,5.486111111,0.046,2
#ID33,5.21,,,1.86
#ID33,5.22,,,1.66
#ID33,5.23,,,1.41
#ID33,5.24,,,1.13
#ID33,5.25,,,0.85
#ID33,5.26,,,0.61
#ID33,5.27,,,0.44
#ID33,5.28,,,0.35
#ID33,5.29,,,0.36
#ID33,5.3,5.488888889,0.031,0.45
#ID33,5.31,,,0.59
#ID33,5.32,,,0.72
#ID33,5.33,,,0.78
#ID33,5.34,,,0.73
#ID33,5.35,,,0.56
#ID33,5.36,,,0.28
#ID33,5.37,,,-0.06
#ID33,5.38,,,-0.38
#ID33,5.39,,,-0.58
#ID33,5.4,5.491666667,0.02,-0.62
#ID33,5.41,,,-0.45
#ID33,5.42,,,-0.07
#ID33,5.43,,,0.47
#ID33,5.44,,,1.07
#ID33,5.45,,,1.63
#ID33,5.46,,,2.05
#ID33,5.47,,,2.3
#ID33,5.48,,,2.37
#ID33,5.49,,,2.34
#ID33,5.5,5.5,0.015,2.26
#ID33,5.51,,,2.19
#ID33,5.52,,,2.13
#ID33,5.53,,,2.05
#ID33,5.54,,,1.92
#ID33,5.55,,,1.72
#ID33,5.56,,,1.45
#ID33,5.57,,,1.13
#ID33,5.58,,,0.82
#ID33,5.59,,,0.54
#ID33,5.6,5.516666667,0.017,0.33
#ID33,5.61,,,0.2
#ID33,5.62,,,0.15
#ID33,5.63,,,0.17
#ID33,5.64,,,0.23
#ID33,5.65,,,0.3
#ID33,5.66,,,0.36
#ID33,5.67,,,0.37
#ID33,5.68,,,0.34
#ID33,5.69,,,0.27
#ID33,5.7,5.527777778,0.027,0.15
#ID33,5.71,,,0.01
#ID33,5.72,,,-0.13
#ID33,5.73,,,-0.23
#ID33,5.74,,,-0.25
#ID33,5.75,,,-0.17
#ID33,5.76,,,0.05
#ID33,5.77,,,0.38
#ID33,5.78,,,0.81
#ID33,5.79,,,1.25
#ID33,5.8,5.533333333,0.041,1.66
#ID33,5.81,,,1.96
#ID33,5.82,,,2.16
#ID33,5.83,,,2.25
#ID33,5.84,,,2.28
#ID33,5.85,,,2.26
#ID33,5.86,,,2.2
#ID33,5.87,,,2.11
#ID33,5.88,,,1.98
#ID33,5.89,,,1.79
#ID33,5.9,5.541666667,0.053,1.56
#ID33,5.91,,,1.29
#ID33,5.92,,,1
#ID33,5.93,,,0.73
#ID33,5.94,,,0.52
#ID33,5.95,,,0.37
#ID33,5.96,,,0.31
#ID33,5.97,,,0.33
#ID33,5.98,,,0.4
#ID33,5.99,,,0.48
#ID33,6,5.547222222,0.062,0.54
#ID33,6.01,,,0.55
#ID33,6.02,,,0.47
#ID33,6.03,,,0.32
#ID33,6.04,,,0.1
#ID33,6.05,,,-0.15
#ID33,6.06,,,-0.4
#ID33,6.07,,,-0.58
#ID33,6.08,,,-0.65
#ID33,6.09,,,-0.55
#ID33,6.1,5.541666667,0.066,-0.25
#ID33,6.11,,,0.22
#ID33,6.12,,,0.8
#ID33,6.13,,,1.39
#ID33,6.14,,,1.9
#ID33,6.15,,,2.23
#ID33,6.16,,,2.38
#ID33,6.17,,,2.38
#ID33,6.18,,,2.3
#ID33,6.19,,,2.21
#ID33,6.2,5.547222222,0.063,2.13
#ID33,6.21,,,2.07
#ID33,6.22,,,1.99
#ID33,6.23,,,1.83
#ID33,6.24,,,1.58
#ID33,6.25,,,1.24
#ID33,6.26,,,0.85
#ID33,6.27,,,0.46
#ID33,6.28,,,0.14
#ID33,6.29,,,-0.07
#ID33,6.3,5.572222222,0.062,-0.15
#ID33,6.31,,,-0.08
#ID33,6.32,,,0.08
#ID33,6.33,,,0.29
#ID33,6.34,,,0.48
#ID33,6.35,,,0.61
#ID33,6.36,,,0.64
#ID33,6.37,,,0.56
#ID33,6.38,,,0.39
#ID33,6.39,,,0.18
#ID33,6.4,5.588888889,0.071,-0.03
#ID33,6.41,,,-0.18
#ID33,6.42,,,-0.21
#ID33,6.43,,,-0.09
#ID33,6.44,,,0.19
#ID33,6.45,,,0.6
#ID33,6.46,,,1.08
#ID33,6.47,,,1.54
#ID33,6.48,,,1.9
#ID33,6.49,,,2.12
#ID33,6.5,5.583333333,0.081,2.21
#ID33,6.51,,,2.21
#ID33,6.52,,,2.16
#ID33,6.53,,,2.11
#ID33,6.54,,,2.06
#ID33,6.55,,,1.98
#ID33,6.56,,,1.85
#ID33,6.57,,,1.66
#ID33,6.58,,,1.41
#ID33,6.59,,,1.12
#ID33,6.6,5.569444444,0.08,0.83
#ID33,6.61,,,0.58
#ID33,6.62,,,0.41
#ID33,6.63,,,0.33
#ID33,6.64,,,0.33
#ID33,6.65,,,0.4
#ID33,6.66,,,0.48
#ID33,6.67,,,0.54
#ID33,6.68,,,0.56
#ID33,6.69,,,0.52
#ID33,6.7,5.547222222,0.062,0.42
#ID33,6.71,,,0.28
#ID33,6.72,,,0.12
#ID33,6.73,,,-0.06
#ID33,6.74,,,-0.23
#ID33,6.75,,,-0.36
#ID33,6.76,,,-0.43
#ID33,6.77,,,-0.39
#ID33,6.78,,,-0.21
#ID33,6.79,,,0.12
#ID33,6.8,5.522222222,0.028,0.58
#ID33,6.81,,,1.12
#ID33,6.82,,,1.65
#ID33,6.83,,,2.09
#ID33,6.84,,,2.4
#ID33,6.85,,,2.55
#ID33,6.86,,,2.57
#ID33,6.87,,,2.5
#ID33,6.88,,,2.37
#ID33,6.89,,,2.21
#ID33,6.9,5.5,-0.014,2.03
#ID33,6.91,,,1.84
#ID33,6.92,,,1.64
#ID33,6.93,,,1.41
#ID33,6.94,,,1.17
#ID33,6.95,,,0.92
#ID33,6.96,,,0.68
#ID33,6.97,,,0.48
#ID33,6.98,,,0.33
#ID33,6.99,,,0.25
#ID33,7,5.491666667,-0.056,0.24
#ID33,7.01,,,0.29
#ID33,7.02,,,0.36
#ID33,7.03,,,0.41
#ID33,7.04,,,0.41
#ID33,7.05,,,0.33
#ID33,7.06,,,0.19
#ID33,7.07,,,0.01
#ID33,7.08,,,-0.16
#ID33,7.09,,,-0.28
#ID33,7.1,5.483333333,-0.088,-0.33
#ID33,7.11,,,-0.28
#ID33,7.12,,,-0.12
#ID33,7.13,,,0.14
#ID33,7.14,,,0.48
#ID33,7.15,,,0.87
#ID33,7.16,,,1.27
#ID33,7.17,,,1.62
#ID33,7.18,,,1.89
#ID33,7.19,,,2.05
#ID33,7.2,5.483333333,-0.106,2.12
#ID33,7.21,,,2.13
#ID33,7.22,,,2.12
#ID33,7.23,,,2.11
#ID33,7.24,,,2.07
#ID33,7.25,,,2.01
#ID33,7.26,,,1.89
#ID33,7.27,,,1.71
#ID33,7.28,,,1.46
#ID33,7.29,,,1.17
#ID33,7.3,5.491666667,-0.109,0.88
#ID33,7.31,,,0.62
#ID33,7.32,,,0.42
#ID33,7.33,,,0.31
#ID33,7.34,,,0.29
#ID33,7.35,,,0.34
#ID33,7.36,,,0.43
#ID33,7.37,,,0.51
#ID33,7.38,,,0.53
#ID33,7.39,,,0.46
#ID33,7.4,5.5,-0.098,0.3
#ID33,7.41,,,0.05
#ID33,7.42,,,-0.24
#ID33,7.43,,,-0.5
#ID33,7.44,,,-0.67
#ID33,7.45,,,-0.68
#ID33,7.46,,,-0.49
#ID33,7.47,,,-0.12
#ID33,7.48,,,0.4
#ID33,7.49,,,1
#ID33,7.5,5.494444444,-0.079,1.57
#ID33,7.51,,,2.04
#ID33,7.52,,,2.34
#ID33,7.53,,,2.49
#ID33,7.54,,,2.52
#ID33,7.55,,,2.48
#ID33,7.56,,,2.4
#ID33,7.57,,,2.3
#ID33,7.58,,,2.17
#ID33,7.59,,,1.99
#ID33,7.6,5.486111111,-0.063,1.77
#ID33,7.61,,,1.5
#ID33,7.62,,,1.21
#ID33,7.63,,,0.91
#ID33,7.64,,,0.62
#ID33,7.65,,,0.37
#ID33,7.66,,,0.19
#ID33,7.67,,,0.08
#ID33,7.68,,,0.05
#ID33,7.69,,,0.09
#ID33,7.7,5.475,-0.055,0.18
#ID33,7.71,,,0.27
#ID33,7.72,,,0.31
#ID33,7.73,,,0.29
#ID33,7.74,,,0.18
#ID33,7.75,,,0.01
#ID33,7.76,,,-0.18
#ID33,7.77,,,-0.34
#ID33,7.78,,,-0.43
#ID33,7.79,,,-0.4
#ID33,7.8,5.458333333,-0.054,-0.23
#ID33,7.81,,,0.08
#ID33,7.82,,,0.51
#ID33,7.83,,,1
#ID33,7.84,,,1.49
#ID33,7.85,,,1.88
#ID33,7.86,,,2.15
#ID33,7.87,,,2.27
#ID33,7.88,,,2.28
#ID33,7.89,,,2.23
#ID33,7.9,5.444444444,-0.061,2.16
#ID33,7.91,,,2.09
#ID33,7.92,,,2
#ID33,7.93,,,1.88
#ID33,7.94,,,1.71
#ID33,7.95,,,1.49
#ID33,7.96,,,1.24
#ID33,7.97,,,0.99
#ID33,7.98,,,0.75
#ID33,7.99,,,0.57
#ID33,8,5.433333333,-0.072,0.45
#ID33,8.01,,,0.4
#ID33,8.02,,,0.43
#ID33,8.03,,,0.49
#ID33,8.04,,,0.56
#ID33,8.05,,,0.6
#ID33,8.06,,,0.58
#ID33,8.07,,,0.48
#ID33,8.08,,,0.28
#ID33,8.09,,,0.02
#ID33,8.1,5.425,-0.081,-0.27
#ID33,8.11,,,-0.52
#ID33,8.12,,,-0.66
#ID33,8.13,,,-0.64
#ID33,8.14,,,-0.42
#ID33,8.15,,,-0.01
#ID33,8.16,,,0.54
#ID33,8.17,,,1.14
#ID33,8.18,,,1.71
#ID33,8.19,,,2.15
#ID33,8.2,5.422222222,-0.087,2.42
#ID33,8.21,,,2.55
#ID33,8.22,,,2.56
#ID33,8.23,,,2.5
#ID33,8.24,,,2.4
#ID33,8.25,,,2.26
#ID33,8.26,,,2.07
#ID33,8.27,,,1.82
#ID33,8.28,,,1.52
#ID33,8.29,,,1.2
#ID33,8.3,5.427777778,-0.085,0.9
#ID33,8.31,,,0.64
#ID33,8.32,,,0.45
#ID33,8.33,,,0.36
#ID33,8.34,,,0.34
#ID33,8.35,,,0.37
#ID33,8.36,,,0.43
#ID33,8.37,,,0.48
#ID33,8.38,,,0.49
#ID33,8.39,,,0.44
#ID33,8.4,5.430555556,-0.074,0.33
#ID33,8.41,,,0.16
#ID33,8.42,,,-0.04
#ID33,8.43,,,-0.23
#ID33,8.44,,,-0.38
#ID33,8.45,,,-0.45
#ID33,8.46,,,-0.4
#ID33,8.47,,,-0.21
#ID33,8.48,,,0.12
#ID33,8.49,,,0.55
#ID33,8.5,5.422222222,-0.062,1.02
#ID33,8.51,,,1.44
#ID33,8.52,,,1.76
#ID33,8.53,,,1.94
#ID33,8.54,,,1.99
#ID33,8.55,,,1.96
#ID33,8.56,,,1.92
#ID33,8.57,,,1.89
#ID33,8.58,,,1.88
#ID33,8.59,,,1.87
#ID33,8.6,5.413888889,-0.053,1.83
#ID33,8.61,,,1.72
#ID33,8.62,,,1.55
#ID33,8.63,,,1.31
#ID33,8.64,,,1.03
#ID33,8.65,,,0.77
#ID33,8.66,,,0.56
#ID33,8.67,,,0.43
#ID33,8.68,,,0.39
#ID33,8.69,,,0.41
#ID33,8.7,5.411111111,-0.05,0.46
#ID33,8.71,,,0.48
#ID33,8.72,,,0.45
#ID33,8.73,,,0.34
#ID33,8.74,,,0.16
#ID33,8.75,,,-0.07
#ID33,8.76,,,-0.29
#ID33,8.77,,,-0.48
#ID33,8.78,,,-0.57
#ID33,8.79,,,-0.53
#ID33,8.8,5.402777778,-0.048,-0.36
#ID33,8.81,,,-0.07
#ID33,8.82,,,0.33
#ID33,8.83,,,0.77
#ID33,8.84,,,1.2
#ID33,8.85,,,1.57
#ID33,8.86,,,1.85
#ID33,8.87,,,2.03
#ID33,8.88,,,2.14
#ID33,8.89,,,2.21
#ID33,8.9,5.388888889,-0.049,2.25
#ID33,8.91,,,2.26
#ID33,8.92,,,2.21
#ID33,8.93,,,2.09
#ID33,8.94,,,1.87
#ID33,8.95,,,1.58
#ID33,8.96,,,1.24
#ID33,8.97,,,0.9
#ID33,8.98,,,0.59
#ID33,8.99,,,0.35
#ID33,9,5.369444444,-0.057,0.22
#ID33,9.01,,,0.21
#ID33,9.02,,,0.29
#ID33,9.03,,,0.44
#ID33,9.04,,,0.59
#ID33,9.05,,,0.69
#ID33,9.06,,,0.69
#ID33,9.07,,,0.56
#ID33,9.08,,,0.32
#ID33,9.09,,,0.01
#ID33,9.1,5.336111111,-0.075,-0.32
#ID33,9.11,,,-0.6
#ID33,9.12,,,-0.76
#ID33,9.13,,,-0.75
#ID33,9.14,,,-0.54
#ID33,9.15,,,-0.14
#ID33,9.16,,,0.4
#ID33,9.17,,,1
#ID33,9.18,,,1.56
#ID33,9.19,,,1.98
#ID33,9.2,5.302777778,-0.104,2.2
#ID33,9.21,,,2.25
#ID33,9.22,,,2.18
#ID33,9.23,,,2.08
#ID33,9.24,,,2.01
#ID33,9.25,,,1.98
#ID33,9.26,,,1.94
#ID33,9.27,,,1.87
#ID33,9.28,,,1.71
#ID33,9.29,,,1.47
#ID33,9.3,5.283333333,-0.139,1.18
#ID33,9.31,,,0.89
#ID33,9.32,,,0.64
#ID33,9.33,,,0.49
#ID33,9.34,,,0.42
#ID33,9.35,,,0.45
#ID33,9.36,,,0.52
#ID33,9.37,,,0.59
#ID33,9.38,,,0.62
#ID33,9.39,,,0.56
#ID33,9.4,5.266666667,-0.168,0.4
#ID33,9.41,,,0.15
#ID33,9.42,,,-0.16
#ID33,9.43,,,-0.47
#ID33,9.44,,,-0.71
#ID33,9.45,,,-0.81
#ID33,9.46,,,-0.72
#ID33,9.47,,,-0.43
#ID33,9.48,,,0.05
#ID33,9.49,,,0.64
#ID33,9.5,5.255555556,-0.185,1.25
#ID33,9.51,,,1.77
#ID33,9.52,,,2.12
#ID33,9.53,,,2.27
#ID33,9.54,,,2.27
#ID33,9.55,,,2.19
#ID33,9.56,,,2.11
#ID33,9.57,,,2.08
#ID33,9.58,,,2.09
#ID33,9.59,,,2.09
#ID33,9.6,5.252777778,-0.19,2.02
#ID33,9.61,,,1.84
#ID33,9.62,,,1.55
#ID33,9.63,,,1.18
#ID33,9.64,,,0.76
#ID33,9.65,,,0.37
#ID33,9.66,,,0.05
#ID33,9.67,,,-0.14
#ID33,9.68,,,-0.18
#ID33,9.69,,,-0.08
#ID33,9.7,5.25,-0.182,0.11
#ID33,9.71,,,0.35
#ID33,9.72,,,0.55
#ID33,9.73,,,0.67
#ID33,9.74,,,0.65
#ID33,9.75,,,0.5
#ID33,9.76,,,0.24
#ID33,9.77,,,-0.05
#ID33,9.78,,,-0.32
#ID33,9.79,,,-0.48
#ID33,9.8,5.233333333,-0.167,-0.47
#ID33,9.81,,,-0.25
#ID33,9.82,,,0.16
#ID33,9.83,,,0.69
#ID33,9.84,,,1.25
#ID33,9.85,,,1.71
#ID33,9.86,,,2
#ID33,9.87,,,2.09
#ID33,9.88,,,2.02
#ID33,9.89,,,1.9
#ID33,9.9,5.222222222,-0.153,1.82
#ID33,9.91,,,1.82
#ID33,9.92,,,1.89
#ID33,9.93,,,1.96
#ID33,9.94,,,1.97
#ID33,9.95,,,1.87
#ID33,9.96,,,1.67
#ID33,9.97,,,1.37
#ID33,9.98,,,1.03
#ID33,9.99,,,0.71
#ID33,10,5.208333333,-0.143,0.47
#ID33,10.01,,,0.32
#ID33,10.02,,,0.28
#ID33,10.03,,,0.31
#ID33,10.04,,,0.4
#ID33,10.05,,,0.49
#ID33,10.06,,,0.56
#ID33,10.07,,,0.57
#ID33,10.08,,,0.51
#ID33,10.09,,,0.38
#ID33,10.1,5.180555556,-0.138,0.19
#ID33,10.11,,,-0.06
#ID33,10.12,,,-0.32
#ID33,10.13,,,-0.54
#ID33,10.14,,,-0.67
#ID33,10.15,,,-0.64
#ID33,10.16,,,-0.41
#ID33,10.17,,,0.02
#ID33,10.18,,,0.6
#ID33,10.19,,,1.26
#ID33,10.2,5.138888889,-0.146,1.87
#ID33,10.21,,,2.32
#ID33,10.22,,,2.57
#ID33,10.23,,,2.61
#ID33,10.24,,,2.51
#ID33,10.25,,,2.36
#ID33,10.26,,,2.23
#ID33,10.27,,,2.15
#ID33,10.28,,,2.09
#ID33,10.29,,,2.03
#ID33,10.3,5.1,-0.17,1.9
#ID33,10.31,,,1.69
#ID33,10.32,,,1.4
#ID33,10.33,,,1.06
#ID33,10.34,,,0.7
#ID33,10.35,,,0.37
#ID33,10.36,,,0.11
#ID33,10.37,,,-0.05
#ID33,10.38,,,-0.1
#ID33,10.39,,,-0.04
#ID33,10.4,5.058333333,-0.203,0.09
#ID33,10.41,,,0.25
#ID33,10.42,,,0.4
#ID33,10.43,,,0.49
#ID33,10.44,,,0.5
#ID33,10.45,,,0.41
#ID33,10.46,,,0.25
#ID33,10.47,,,0.03
#ID33,10.48,,,-0.2
#ID33,10.49,,,-0.38
#ID33,10.5,5.016666667,-0.241,-0.48
#ID33,10.51,,,-0.45
#ID33,10.52,,,-0.25
#ID33,10.53,,,0.12
#ID33,10.54,,,0.62
#ID33,10.55,,,1.19
#ID33,10.56,,,1.71
#ID33,10.57,,,2.08
#ID33,10.58,,,2.24
#ID33,10.59,,,2.2
#ID33,10.6,4.983333333,-0.278,2.04
#ID33,10.61,,,1.87
#ID33,10.62,,,1.78
#ID33,10.63,,,1.8
#ID33,10.64,,,1.88
#ID33,10.65,,,1.97
#ID33,10.66,,,1.98
#ID33,10.67,,,1.88
#ID33,10.68,,,1.68
#ID33,10.69,,,1.39
#ID33,10.7,4.944444444,-0.309,1.07
#ID33,10.71,,,0.78
#ID33,10.72,,,0.55
#ID33,10.73,,,0.41
#ID33,10.74,,,0.35
#ID33,10.75,,,0.35
#ID33,10.76,,,0.39
#ID33,10.77,,,0.45
#ID33,10.78,,,0.5
#ID33,10.79,,,0.51
#ID33,10.8,4.891666667,-0.337,0.48
#ID33,10.81,,,0.4
#ID33,10.82,,,0.25
#ID33,10.83,,,0.06
#ID33,10.84,,,-0.17
#ID33,10.85,,,-0.4
#ID33,10.86,,,-0.58
#ID33,10.87,,,-0.67
#ID33,10.88,,,-0.59
#ID33,10.89,,,-0.33
#ID33,10.9,4.830555556,-0.37,0.12
#ID33,10.91,,,0.71
#ID33,10.92,,,1.36
#ID33,10.93,,,1.94
#ID33,10.94,,,2.37
#ID33,10.95,,,2.58
#ID33,10.96,,,2.6
#ID33,10.97,,,2.49
#ID33,10.98,,,2.34
#ID33,10.99,,,2.23
#ID33,11,4.777777778,-0.407,2.17
#ID33,11.01,,,2.15
#ID33,11.02,,,2.11
#ID33,11.03,,,2.01
#ID33,11.04,,,1.83
#ID33,11.05,,,1.56
#ID33,11.06,,,1.24
#ID33,11.07,,,0.9
#ID33,11.08,,,0.57
#ID33,11.09,,,0.3
#ID33,11.1,4.725,-0.443,0.09
#ID33,11.11,,,-0.04
#ID33,11.12,,,-0.08
#ID33,11.13,,,-0.06
#ID33,11.14,,,0
#ID33,11.15,,,0.09
#ID33,11.16,,,0.17
#ID33,11.17,,,0.22
#ID33,11.18,,,0.24
#ID33,11.19,,,0.21
#ID33,11.2,4.666666667,-0.473,0.12
#ID33,11.21,,,-0.02
#ID33,11.22,,,-0.18
#ID33,11.23,,,-0.34
#ID33,11.24,,,-0.43
#ID33,11.25,,,-0.41
#ID33,11.26,,,-0.22
#ID33,11.27,,,0.16
#ID33,11.28,,,0.68
#ID33,11.29,,,1.29
#ID33,11.3,4.605555556,-0.501,1.85
#ID33,11.31,,,2.26
#ID33,11.32,,,2.44
#ID33,11.33,,,2.41
#ID33,11.34,,,2.24
#ID33,11.35,,,2.05
#ID33,11.36,,,1.93
#ID33,11.37,,,1.92
#ID33,11.38,,,1.98
#ID33,11.39,,,2.05
#ID33,11.4,4.547222222,-0.526,2.08
#ID33,11.41,,,2.02
#ID33,11.42,,,1.85
#ID33,11.43,,,1.6
#ID33,11.44,,,1.31
#ID33,11.45,,,1
#ID33,11.46,,,0.73
#ID33,11.47,,,0.5
#ID33,11.48,,,0.33
#ID33,11.49,,,0.21
#ID33,11.5,4.477777778,-0.549,0.14
#ID33,11.51,,,0.1
#ID33,11.52,,,0.08
#ID33,11.53,,,0.09
#ID33,11.54,,,0.11
#ID33,11.55,,,0.14
#ID33,11.56,,,0.16
#ID33,11.57,,,0.16
#ID33,11.58,,,0.1
#ID33,11.59,,,0
#ID33,11.6,4.4,-0.575,-0.13
#ID33,11.61,,,-0.24
#ID33,11.62,,,-0.28
#ID33,11.63,,,-0.17
#ID33,11.64,,,0.1
#ID33,11.65,,,0.55
#ID33,11.66,,,1.11
#ID33,11.67,,,1.69
#ID33,11.68,,,2.16
#ID33,11.69,,,2.45
#ID33,11.7,4.325,-0.607,2.55
#ID33,11.71,,,2.5
#ID33,11.72,,,2.39
#ID33,11.73,,,2.27
#ID33,11.74,,,2.19
#ID33,11.75,,,2.13
#ID33,11.76,,,2.06
#ID33,11.77,,,1.96
#ID33,11.78,,,1.8
#ID33,11.79,,,1.58
#ID33,11.8,4.252777778,-0.639,1.33
#ID33,11.81,,,1.07
#ID33,11.82,,,0.82
#ID33,11.83,,,0.61
#ID33,11.84,,,0.45
#ID33,11.85,,,0.33
#ID33,11.86,,,0.25
#ID33,11.87,,,0.2
#ID33,11.88,,,0.18
#ID33,11.89,,,0.19
#ID33,11.9,4.175,-0.668,0.19
#ID33,11.91,,,0.19
#ID33,11.92,,,0.15
#ID33,11.93,,,0.08
#ID33,11.94,,,-0.03
#ID33,11.95,,,-0.16
#ID33,11.96,,,-0.28
#ID33,11.97,,,-0.32
#ID33,11.98,,,-0.22
#ID33,11.99,,,0.05
#ID33,12,4.094444444,-0.694,0.48
#ID33,12.01,,,1
#ID33,12.02,,,1.5
#ID33,12.03,,,1.86
#ID33,12.04,,,2.02
#ID33,12.05,,,1.98
#ID33,12.06,,,1.82
#ID33,12.07,,,1.66
#ID33,12.08,,,1.57
#ID33,12.09,,,1.6
#ID33,12.1,4.027777778,-0.717,1.72
#ID33,12.11,,,1.86
#ID33,12.12,,,1.97
#ID33,12.13,,,2
#ID33,12.14,,,1.94
#ID33,12.15,,,1.79
#ID33,12.16,,,1.58
#ID33,12.17,,,1.32
#ID33,12.18,,,1.06
#ID33,12.19,,,0.8
#ID33,12.2,3.963888889,-0.729,0.56
#ID33,12.21,,,0.38
#ID33,12.22,,,0.24
#ID33,12.23,,,0.16
#ID33,12.24,,,0.13
#ID33,12.25,,,0.14
#ID33,12.26,,,0.16
#ID33,12.27,,,0.17
#ID33,12.28,,,0.15
#ID33,12.29,,,0.08
#ID33,12.3,3.894444444,-0.732,-0.02
#ID33,12.31,,,-0.14
#ID33,12.32,,,-0.22
#ID33,12.33,,,-0.21
#ID33,12.34,,,-0.06
#ID33,12.35,,,0.24
#ID33,12.36,,,0.66
#ID33,12.37,,,1.14
#ID33,12.38,,,1.57
#ID33,12.39,,,1.88
#ID33,12.4,3.830555556,-0.728,2.01
#ID33,12.41,,,2
#ID33,12.42,,,1.9
#ID33,12.43,,,1.81
#ID33,12.44,,,1.78
#ID33,12.45,,,1.82
#ID33,12.46,,,1.91
#ID33,12.47,,,2
#ID33,12.48,,,2.05
#ID33,12.49,,,2.01
#ID33,12.5,3.772222222,-0.718,1.88
#ID33,12.51,,,1.68
#ID33,12.52,,,1.43
#ID33,12.53,,,1.17
#ID33,12.54,,,0.92
#ID33,12.55,,,0.69
#ID33,12.56,,,0.5
#ID33,12.57,,,0.35
#ID33,12.58,,,0.25
#ID33,12.59,,,0.18
#ID33,12.6,3.708333333,-0.703,0.16
#ID33,12.61,,,0.16
#ID33,12.62,,,0.17
#ID33,12.63,,,0.19
#ID33,12.64,,,0.17
#ID33,12.65,,,0.11
#ID33,12.66,,,0.01
#ID33,12.67,,,-0.12
#ID33,12.68,,,-0.24
#ID33,12.69,,,-0.3
#ID33,12.7,3.638888889,-0.689,-0.24
#ID33,12.71,,,-0.02
#ID33,12.72,,,0.37
#ID33,12.73,,,0.87
#ID33,12.74,,,1.41
#ID33,12.75,,,1.85
#ID33,12.76,,,2.11
#ID33,12.77,,,2.16
#ID33,12.78,,,2.04
#ID33,12.79,,,1.85
#ID33,12.8,3.580555556,-0.677,1.7
#ID33,12.81,,,1.63
#ID33,12.82,,,1.66
#ID33,12.83,,,1.75
#ID33,12.84,,,1.82
#ID33,12.85,,,1.85
#ID33,12.86,,,1.81
#ID33,12.87,,,1.7
#ID33,12.88,,,1.54
#ID33,12.89,,,1.35
#ID33,12.9,3.525,-0.663,1.16
#ID33,12.91,,,0.97
#ID33,12.92,,,0.79
#ID33,12.93,,,0.62
#ID33,12.94,,,0.47
#ID33,12.95,,,0.34
#ID33,12.96,,,0.22
#ID33,12.97,,,0.12
#ID33,12.98,,,0.05
#ID33,12.99,,,0
#ID33,13,3.455555556,-0.649,-0.01
#ID33,13.01,,,-0.02
#ID33,13.02,,,-0.01
#ID33,13.03,,,-0.03
#ID33,13.04,,,-0.07
#ID33,13.05,,,-0.13
#ID33,13.06,,,-0.19
#ID33,13.07,,,-0.21
#ID33,13.08,,,-0.13
#ID33,13.09,,,0.09
#ID33,13.1,3.372222222,-0.643,0.46
#ID33,13.11,,,0.95
#ID33,13.12,,,1.48
#ID33,13.13,,,1.95
#ID33,13.14,,,2.27
#ID33,13.15,,,2.39
#ID33,13.16,,,2.34
#ID33,13.17,,,2.21
#ID33,13.18,,,2.09
#ID33,13.19,,,2.04
#ID33,13.2,3.288888889,-0.652,2.06
#ID33,13.21,,,2.11
#ID33,13.22,,,2.14
#ID33,13.23,,,2.09
#ID33,13.24,,,1.96
#ID33,13.25,,,1.76
#ID33,13.26,,,1.53
#ID33,13.27,,,1.3
#ID33,13.28,,,1.11
#ID33,13.29,,,0.95
#ID33,13.3,3.2,-0.673,0.83
#ID33,13.31,,,0.72
#ID33,13.32,,,0.6
#ID33,13.33,,,0.45
#ID33,13.34,,,0.29
#ID33,13.35,,,0.13
#ID33,13.36,,,-0.01
#ID33,13.37,,,-0.1
#ID33,13.38,,,-0.13
#ID33,13.39,,,-0.1
#ID33,13.4,3.1,-0.705,-0.05
#ID33,13.41,,,0
#ID33,13.42,,,0
#ID33,13.43,,,-0.04
#ID33,13.44,,,-0.12
#ID33,13.45,,,-0.2
#ID33,13.46,,,-0.22
#ID33,13.47,,,-0.11
#ID33,13.48,,,0.16
#ID33,13.49,,,0.59
#ID33,13.5,3.005555556,-0.747,1.1
#ID33,13.51,,,1.6
#ID33,13.52,,,1.96
#ID33,13.53,,,2.12
#ID33,13.54,,,2.08
#ID33,13.55,,,1.91
#ID33,13.56,,,1.73
#ID33,13.57,,,1.62
#ID33,13.58,,,1.6
#ID33,13.59,,,1.66
#ID33,13.6,2.916666667,-0.789,1.75
#ID33,13.61,,,1.81
#ID33,13.62,,,1.81
#ID33,13.63,,,1.75
#ID33,13.64,,,1.62
#ID33,13.65,,,1.48
#ID33,13.66,,,1.33
#ID33,13.67,,,1.19
#ID33,13.68,,,1.07
#ID33,13.69,,,0.96
#ID33,13.7,2.816666667,-0.828,0.85
#ID33,13.71,,,0.73
#ID33,13.72,,,0.6
#ID33,13.73,,,0.46
#ID33,13.74,,,0.33
#ID33,13.75,,,0.22
#ID33,13.76,,,0.14
#ID33,13.77,,,0.09
#ID33,13.78,,,0.06
#ID33,13.79,,,0.03
#ID33,13.8,2.7,-0.867,0
#ID33,13.81,,,-0.05
#ID33,13.82,,,-0.11
#ID33,13.83,,,-0.14
#ID33,13.84,,,-0.11
#ID33,13.85,,,0.04
#ID33,13.86,,,0.33
#ID33,13.87,,,0.73
#ID33,13.88,,,1.19
#ID33,13.89,,,1.63
#ID33,13.9,2.577777778,-0.914,1.95
#ID33,13.91,,,2.1
#ID33,13.92,,,2.1
#ID33,13.93,,,1.98
#ID33,13.94,,,1.84
#ID33,13.95,,,1.73
#ID33,13.96,,,1.68
#ID33,13.97,,,1.68
#ID33,13.98,,,1.71
#ID33,13.99,,,1.73
#ID33,14,2.463888889,-0.966,1.71
#ID33,14.01,,,1.64
#ID33,14.02,,,1.51
#ID33,14.03,,,1.36
#ID33,14.04,,,1.2
#ID33,14.05,,,1.04
#ID33,14.06,,,0.91
#ID33,14.07,,,0.81
#ID33,14.08,,,0.74
#ID33,14.09,,,0.69
#ID33,14.1,2.355555556,-1.014,0.64
#ID33,14.11,,,0.58
#ID33,14.12,,,0.52
#ID33,14.13,,,0.44
#ID33,14.14,,,0.36
#ID33,14.15,,,0.27
#ID33,14.16,,,0.19
#ID33,14.17,,,0.12
#ID33,14.18,,,0.08
#ID33,14.19,,,0.05
#ID33,14.2,2.252777778,-1.05,0.06
#ID33,14.21,,,0.12
#ID33,14.22,,,0.21
#ID33,14.23,,,0.37
#ID33,14.24,,,0.57
#ID33,14.25,,,0.82
#ID33,14.26,,,1.09
#ID33,14.27,,,1.33
#ID33,14.28,,,1.51
#ID33,14.29,,,1.61
#ID33,14.3,2.163888889,-1.07,1.62
#ID33,14.31,,,1.57
#ID33,14.32,,,1.5
#ID33,14.33,,,1.46
#ID33,14.34,,,1.45
#ID33,14.35,,,1.48
#ID33,14.36,,,1.51
#ID33,14.37,,,1.52
#ID33,14.38,,,1.48
#ID33,14.39,,,1.4
#ID33,14.4,2.080555556,-1.07,1.27
#ID33,14.41,,,1.13
#ID33,14.42,,,0.99
#ID33,14.43,,,0.86
#ID33,14.44,,,0.76
#ID33,14.45,,,0.69
#ID33,14.46,,,0.64
#ID33,14.47,,,0.61
#ID33,14.48,,,0.58
#ID33,14.49,,,0.57
#ID33,14.5,1.997222222,-1.052,0.55
